-- phpMyAdmin SQL Dump
-- version 4.6.6
-- https://www.phpmyadmin.net/
--
-- Host: localhost
-- Creato il: Giu 23, 2017 alle 13:33
-- Versione del server: 5.7.18
-- Versione PHP: 7.0.20

SET SQL_MODE = "NO_AUTO_VALUE_ON_ZERO";
SET time_zone = "+00:00";


/*!40101 SET @OLD_CHARACTER_SET_CLIENT=@@CHARACTER_SET_CLIENT */;
/*!40101 SET @OLD_CHARACTER_SET_RESULTS=@@CHARACTER_SET_RESULTS */;
/*!40101 SET @OLD_COLLATION_CONNECTION=@@COLLATION_CONNECTION */;
/*!40101 SET NAMES utf8mb4 */;

--
-- Database: `untitled_gaming`
--

-- --------------------------------------------------------

--
-- Struttura della tabella `achievement`
--

CREATE TABLE `achievement` (
  `achievement_id` int(11) NOT NULL,
  `nome` varchar(20) NOT NULL,
  `descrizione` varchar(300) NOT NULL,
  `gioco_id` int(11) NOT NULL
) ENGINE=InnoDB DEFAULT CHARSET=latin1;

--
-- Dump dei dati per la tabella `achievement`
--

INSERT INTO `achievement` (`achievement_id`, `nome`, `descrizione`, `gioco_id`) VALUES
(1, 'Novizio', 'Raggiunto il livello 2', 1),
(2, 'Principiante', 'Hai raggiunto il livello 4', 1),
(3, 'Esperto', 'Hai raggiunto il livello 6', 1),
(4, 'Maestro', 'Hai raggiunto il livello 8', 1),
(5, 'Professionista', 'Hai guadagnato 1000 esperienza in una sola sessione', 1),
(6, 'Flipper', 'Hai guadagnato 500 esperienza nell ultima sessione', 1),
(7, 'Giocatore d azzardo', 'Hai girato 20 volte nella stessa sessione senza comprare crediti', 2),
(8, 'Giorno fortunato', 'Hai vinto piu di 1500 crediti in una sessione', 2),
(9, 'Inarrestabile', 'Ottieni 500 punti xp durante una sola sessione', 6),
(10, 'Serpentone', 'Raggiungi una lunghezza del serpente pari a 30', 6),
(11, 'Digiuno', 'Sei riuscito a perdere senza aver mangiato nulla. Bravissimo.', 6);

-- --------------------------------------------------------

--
-- Struttura della tabella `achievement_ottenuti`
--

CREATE TABLE `achievement_ottenuti` (
  `achievement_ottenuti_id` int(11) NOT NULL,
  `user_id` int(11) NOT NULL,
  `achievement_id` int(11) NOT NULL
) ENGINE=InnoDB DEFAULT CHARSET=latin1;

--
-- Dump dei dati per la tabella `achievement_ottenuti`
--

INSERT INTO `achievement_ottenuti` (`achievement_ottenuti_id`, `user_id`, `achievement_id`) VALUES
(1, 5, 1),
(2, 5, 2),
(3, 5, 3),
(4, 5, 6),
(5, 5, 5),
(6, 6, 1),
(7, 6, 2),
(8, 6, 6),
(9, 6, 3),
(10, 6, 4),
(11, 6, 5),
(12, 6, 2),
(13, 6, 3),
(14, 6, 4),
(15, 6, 6),
(16, 8, 1),
(17, 8, 2),
(18, 8, 3),
(19, 8, 6),
(20, 8, 5),
(21, 8, 4),
(22, 2, 1),
(23, 2, 2),
(24, 2, 3),
(25, 2, 6),
(26, 2, 5),
(27, 4, 7),
(28, 4, 8),
(29, 4, 7),
(30, 4, 7),
(31, 2, 11),
(33, 3, 1),
(34, 2, 9);

-- --------------------------------------------------------

--
-- Struttura della tabella `game_profile`
--

CREATE TABLE `game_profile` (
  `game_profile_id` int(11) NOT NULL,
  `user_id` int(11) NOT NULL,
  `livello` int(3) NOT NULL,
  `punti_esperienza` int(10) UNSIGNED DEFAULT NULL
) ENGINE=InnoDB DEFAULT CHARSET=latin1 ROW_FORMAT=COMPACT;

--
-- Dump dei dati per la tabella `game_profile`
--

INSERT INTO `game_profile` (`game_profile_id`, `user_id`, `livello`, `punti_esperienza`) VALUES
(1, 1, 1, 0),
(4, 3, 3, 400),
(5, 4, 1, 4725),
(6, 5, 7, 1530),
(7, 6, 8, 2010),
(8, 7, 1, 0),
(9, 8, 9, 2945),
(10, 1, 1, 0),
(11, 2, 9, 4290),
(12, 3, 3, 400),
(13, 4, 1, 4725),
(14, 5, 1, 0),
(15, 6, 1, 0),
(16, 7, 1, 0),
(17, 8, 1, 0),
(18, 9, 1, 0),
(19, 10, 1, 0),
(20, 11, 1, 0),
(21, 12, 1, 0);

-- --------------------------------------------------------

--
-- Struttura della tabella `gioco`
--

CREATE TABLE `gioco` (
  `gioco_id` int(11) NOT NULL,
  `nome` varchar(20) NOT NULL
) ENGINE=InnoDB DEFAULT CHARSET=latin1;

--
-- Dump dei dati per la tabella `gioco`
--

INSERT INTO `gioco` (`gioco_id`, `nome`) VALUES
(1, 'tossTheCoin'),
(2, 'SlotMachineGUI'),
(3, 'Gioco3'),
(4, 'Gioco4'),
(5, 'ShitOnCoin'),
(6, 'Snake');

-- --------------------------------------------------------

--
-- Struttura della tabella `recensione`
--

CREATE TABLE `recensione` (
  `recensione_id` int(11) NOT NULL,
  `user_id` int(11) NOT NULL,
  `testo_recensione` varchar(250) NOT NULL,
  `voto` int(11) DEFAULT NULL,
  `gioco_id` int(11) NOT NULL,
  `approvata` tinyint(1) NOT NULL
) ENGINE=InnoDB DEFAULT CHARSET=latin1;

--
-- Dump dei dati per la tabella `recensione`
--

INSERT INTO `recensione` (`recensione_id`, `user_id`, `testo_recensione`, `voto`, `gioco_id`, `approvata`) VALUES
(1, 1, 'Merda pe te', 4, 1, 1),
(2, 1, 'merda', 2, 5, 1),
(5, 2, '  I santi', 5, 5, 1),
(6, 2, '  a', 3, 2, 1),
(7, 2, '  sono mod e approvo quello che mi pare', 5, 3, 1),
(9, 2, '  vaffanculo	', 1, 1, 1),
(10, 3, '  dio cane', 5, 4, 1),
(11, 2, '  lol', 3, 4, 1),
(12, 3, '  dio can', 1, 1, 0);

-- --------------------------------------------------------

--
-- Struttura della tabella `timeline`
--

CREATE TABLE `timeline` (
  `timeline_id` int(11) NOT NULL,
  `user_id` int(11) NOT NULL,
  `gioco_id` int(11) NOT NULL,
  `data_ultima_sessione` date NOT NULL,
  `esperienza_guadagnata` int(10) NOT NULL
) ENGINE=InnoDB DEFAULT CHARSET=latin1;

--
-- Dump dei dati per la tabella `timeline`
--

INSERT INTO `timeline` (`timeline_id`, `user_id`, `gioco_id`, `data_ultima_sessione`, `esperienza_guadagnata`) VALUES
(1, 1, 1, '1111-11-11', 0),
(2, 2, 2, '2017-06-20', 450),
(3, 3, 1, '2017-06-22', 60),
(4, 4, 2, '2017-06-20', 0),
(5, 5, 1, '1111-11-11', 0),
(6, 6, 1, '1111-11-11', 0),
(7, 7, 1, '1111-11-11', 0),
(8, 8, 1, '1111-11-11', 0),
(9, 9, 1, '1111-11-11', 0),
(10, 10, 1, '1111-11-11', 0),
(11, 11, 1, '1111-11-11', 0),
(12, 12, 1, '1995-01-21', 0);

-- --------------------------------------------------------

--
-- Struttura della tabella `utente`
--

CREATE TABLE `utente` (
  `user_id` int(11) NOT NULL,
  `username` varchar(60) NOT NULL,
  `password` varchar(60) NOT NULL,
  `nome` varchar(20) NOT NULL,
  `cognome` varchar(20) NOT NULL,
  `data_di_nascita` date NOT NULL,
  `email` varchar(25) NOT NULL,
  `immagine_profilo` mediumblob NOT NULL,
  `tipo` char(20) NOT NULL
) ENGINE=InnoDB DEFAULT CHARSET=latin1;

--
-- Dump dei dati per la tabella `utente`
--

INSERT INTO `utente` (`user_id`, `username`, `password`, `nome`, `cognome`, `data_di_nascita`, `email`, `immagine_profilo`, `tipo`) VALUES
(1, 'a', '$2a$12$nAx9VaUuV8w2OhoI5qGLmuZtzrIdD0fsWs9HU5HqMIEJR3mSIeiRC', 'a', 'a', '1111-11-11', 'a@email.it', 0x30, 'user');
INSERT INTO `utente` (`user_id`, `username`, `password`, `nome`, `cognome`, `data_di_nascita`, `email`, `immagine_profilo`, `tipo`) VALUES
(2, 'b', '$2a$12$Aou7fwSTGTqFu1606hnD0.ZQn1OqLurAszoU1Uh.dGQTv0kiH5uZm', 'Nome', 'Cognome', '1990-07-12', 'asd@sad.asd', 0x89504e470d0a1a0a0000000d4948445200000780000004380806000000e8d3c1430000000473424954080808087c0864880000001974455874536f66747761726500676e6f6d652d73637265656e73686f74ef03bf3e0000200049444154789cecdd777455c5dac7f1df3ee9bd91908450424291a2f42ebdbd401414ac2052c4aba28205117bc38e5e4544aaa828c586288a14a5f7de7befa9a49773cefb47ccb984f446307c3f6bb9c6ec32f3ecd99bacb5f3ec993124590500000000000000000000f8d7339577000000000000000000000080d2410218000000000000000000002a0812c0000000000000000000005041900006000000000000000000800ac2bebc03a8a86a37aaa1de0f7652bd16e1f2f6f3920cabe222e3b567e361fdf6e5721ddc7ebcbc4304000000000000000000908b471f7d5483060d92838343b6ed8989899a366d9abefefaeb728aac6086246b790751913838daeba1b707aa55afc672b27392d9c890c9c8ec64ab55b25aadb2582c5afbdb364d1bf78dd25333ca3b64000000000000000000e05fab478f1eba74e992b66ddb26abb574529febd6adcb91fccd929a9aaab66ddb964a3b65a14409607b7b7b85848428353555e7ce9d2b7130767676b2582c85ba314539b66ddbb68a8b8bd3eeddbb4b1c637eec1dedf5ccac910a6d504d0dfd9aa865607bc5a6456bdd85e54a488fd7cdbecde5ef5259bb22b7e860ec7e1ddf7d521f0c9ea88cb4c225814bbbbf01000000a03c984c263df6d863ba70e182e6cd9b57a66d797878c8cfcf4f972f5f567474748efdc1c1c1aa5bb7ae12121274e8d021c5c4c41458a7bbbbbb2a55aa24abd5aa13274e48920cc3507070b06ad6aca98c8c0ceddbb74fb1b1b1a57e3d00000000703db0b7b7575050902a55aa240f0f0f393a3a4aca4c8c5ebe7c59972e5dd2850b1764369b4badcd6ad5aa69f2e4c9ead5ab578e7d1d3b7694939393f6ecd9a3d3a74f97a89dcd9b3767fbb959b36645da7f3d28d114d09d3b77d6f8f1e3959494a4eeddbb2b252525dbfe6ad5aa29303050070e1c505c5c5cbedbdddcdc347ffe7ceddebd5b63c68cc9b7dddc8ecdab2d3b3b3b3df6d863aa54a9921e7cf0419d3d7bb624979caffe2ff657e5ba214a365b14e6554f4b0f2f96838383423debabaa47355d4abca87de7f7a9654827ed8cdcab80ba55d4ff85fe9af3ca9c42d55fdcfe0600000080eb8961181a3c78b076efde5d6609e0909010dd77df7dbaedb6dbe4ececacefbefb4e1f7ef861b618468e1ca9c18307dbb6a5a5a5e9f9e79fd78a152bf2acd76432e9830f3e50b366cd949696a6366ddac8d3d35313274e54bd7af56cc7a5a6a6eac30f3fd48f3ffe5826d70700000000e5c1300c858686aa468d1ab98e8e75757595ababab02030355b76e5d1d3d7a54274e9c28f1a8dca0a0207df6d9670a0808c8b6bd478f1edabf7fbf76eddaa566cd9a292c2c4c67ce9c29b551c0ff56a6929c1c1111218bc52257575775eedc39c7fedb6fbf5d93264d529d3a750adc6e18864c26934ca68243caedd8bcda329bcd1a3972a4e2e2e2d4b871e3a25e62a105d50956fd1e8d94946151b2d92a8b458a4c8fd1e1b8e3aaea5e439b4f6dd1d7dbbfd19ee803326452b2c5aae40cabeaf76ca4a03ac1856aa3b8fd0d0000000037120f0f0f7dfffdf7eadfbfbf8e1f3f9eeb3183070fd6e0c18375e0c0018d1f3f5e6fbcf186d6ae5dab2d5bb6e45b77bf7efd727cdd1d1f1fafa8a8287dfbedb77af9e5973561c204a5a6a66aecd8b1f2f2f22aadcb020000008072d7bc7973d5aa554b0e0e0e8a8e8ed6ae5dbbb46ad52a2d59b2444b962cd1aa55abb467cf1ec5c4c4c8c1c14175ead429f108d9a0a0207df1c5170a0a0acab1cf6ab5aa76edda4a4e4e567474b49c9d9de5ebeb5ba2f6b2346bd62cd7d8f3da7e3d29f608e0808000b56cd9523ffcf0837af7eead3e7dfa68d1a245b6fdaeaeaeb6e1deaeaeaef2f0f0b00df3ce6d7b6262a2eebdf75ea5a6a64aca9c52cb300c252424d8b2f4cecece72707050727272b663f36a2b29294992949e9eae575f7db54ca74d6e785b73255b253793936ef66b20677b17f50a8b90bdc94186a49b831aa97aa5505d4e89d7fe4b07956eb153aa254d566be6b9e7de5f906ffdc5edefac3e300c433e3e3ef2f6f6d6a953a7949e9e6edbeeeeeeaee4e46459ad5655ab564d972f5f565454940cc390bfbfbfdcdcdc74f2e4c9521da60f00000000594c2693dcdcdcb2bdc3383939c9d1d151c9c9c9329bcdb6f71693c9a4909010252525e9c2850bb97ed51d1f1faf77de79479b366d526060a0bef8e28b6cfb1d1d1d75fffdf7ebfcf9f31a3e7cb892939325490b16e4ff5e161818a8279f7c52a74e9d92c96492bfbfbfa4cc3f388c1e3d3adbb1a1a1a1ead7af9f82838399a1090000004085e1e3e3a3d4d454eddebd5b696969aa5ab5aac2c2c2e4ecec2cabd5aa9494144547476befdebd72757555fdfaf58b9d90bd7aaae52bf5e8d1433b76ecd0f9f3e7151414a4e0e0609d3d7b56bebebeaa5cb9b2a2a2a28a7b89858aa1c226807bf5ea2593c9a4850b17cac5c545bd7bf7565050902dc93a7efc78b56bd74e92f4c1071f489256af5e2d49b96e7ffae9a7b564c9126dddba5523468cd0ebafbfaef6eddb6bd8b061dab1638724e9f3cf3f57ddba75d5ab57af6cc7e6d5d6d34f3fad79f3e6a97af5eab6b857ae5ca9b163c72a2d2dadb8979eab80c635e5eae0a3e137dda5cba9f13a157756357caae944cc49fd7660a99c1d9d553fa0ae823d2bcbcbc55323ea0dd182134bb43bea90021ad72cb0fee2f6f7a851a3141616a6d75e7b4d75ebd6959439add9b469d33473e64c393838e8afbffed2c183071512122257575749d2e2c58b55ab562dd5ac9919dbd9b367357cf8705dbc7831d7f8060f1eacc71f7f3cdf6b9832658aa64c995288de040000007023f1f1f1d1e2c58bb56edd3adb7bc5b061c33474e8508d1e3d5a1b366cc8f5bd65e3c68d7af2c9276d1fb85ee9e79f7f969499b4bd5afdfaf5e5e3e3a3e9d3a7ab79f3e6aa5bb7ae2e5ebca855ab56e5f94702c330f4e28b2fcad5d555a3468dd2d8b163733dcedede5e356bd654f3e6cd75f1e2451d3a74a8587d0200000000d7a3c58b174b926ad6aca9f0f0701986916dbf9b9b9bdcdcdc141212a243870ee9afbffe2ab358aa55aba6fdfbf72b282848fefefeb67ca29b9b5b99b5591aae454ead580960c330141111a13367ce68dfbe7dfafdf7dfd5a74f1ff5eedd5bd3a64d93247df5d557b2582c6adfbebd66cc98a1c3870f2b32325292f2dc7ea5050b16a87dfbf6ead2a58b76ecd8a1808000356cd8504b972ed5e5cb97b31d9b575b66b359df7efbad4e9f3eadf8f8780d1830401111118a8888d00f3ffc509c4bcf93c5db5d611ea13a1f1fa5f7d64f53d3c07a1ae21da29f0e2dd37d37f75554728c0e479f949f4b258d5df5a15a5769a47b1af6d18984af15e39b926fdd25e96f6767674d983041fefefe7af7dd7775e2c4090d1b364c8f3efaa8222323f5c71f7f48922a57aeacd9b367ebecd9b31a3d7ab47af4e8a165cb9669f6ecd96ad5aa95ba75eba6be7dfbe6f9b0cd9a354b92f27c6049fe0200000028a94a952a69e6cc993a72e488860e1daa162d5aa87dfbf65ab66c5991eac99a36ac5fbf7e1a366c986d7b7c7cbc1e7ffc71eddebd3bc7391111116ad5aa95e6cd9ba7ad5bb7e65aef134f3ca1071e78c0f6f31b6fbca18c8c8c22c50600000000ff06b56ad59224454545e9d8b1638a8f8f9794b9244f6868a8fcfcfc54bb766d1d3b76accc62707777b7cd24ecececac9494cc7c9b8b8b4ba9b55116237daf454ead5809e0060d1aa87af5eadab06183ba75eb267b7b7ba5a7a72b2222423366cc90c562d1d6ad5bd5b66d5bb56fdf5e9b376fd6c68d1b6de7e7b6ddcece2e5b1b6bd6ac517474b43a75eaa48f3efa481d3b7694242d5cb830473cf9b5f5e38f3fcadfdf5fa1a1a1b6b59fc2c2c28a73d9f94a345bb4fad46eb5abdc58fd1af492b7bdabcc168b6a05d4d2d673fb159b9aa0ad917bd535b4ad0202ab29c5de50aa3943b1c9a98a4fcf7f6ae592f477ebd6ad55a54a157dfbedb79a3f7fbe24e9f0e1c35abc78b12222226c09e0e3c78fdba6456bdebcb97af5eaa5193366e8c08103dabf7fbfba75eba69090907ce3cceb8125f90b000000a0349c3a754a3367ce9494f9a2dfa0410385868616b91e93c92429f363db975f7e59fbf7ef57f7eedd357cf8703df1c4131a316244b6e3030202f4d4534fe9fcf9f39a3871629ef5eed8b1430b162c507070b0ead7afafe79f7f5e972e5dd2dab56b8b1c23000000005ccfb2460277efde5d8f3cf28842434365b55a75e4c811cd9c39d3b6ff5ab9722472692e695a56534097754ead5809e08888084952cb962dd5b2654bdbf62a55aaa851a346797e0d5d14191919faedb7df3468d020dd74d34deadcb9b3a2a3a3b57efdfa42d7e1ebebab77de79474d9a349124dbb4cf4e4e4e258eef6a916763941c62d298bfbe50c3a0300d69d04bf3f72dd76db5db6bdc9aa9ba941c233b273bed8b3caed6feb7a8ae7788266dfd594712a294782efff5a04ad2df595fb65ff985457474b4626363735d2c5b926d7d2a77777749b27db5e1ecec5c5037e4786049fe02000000280bb1b1b1928af76577d6d2363366ccd0a2458b244953a74e55fffefd75d34d37c9308c6c6b0b3ffef8e372777797a3a3a3eda3640f0f0f994c262d5bb64ccf3efbacb66eddaa152b5668c58a1592323fe4fdf2cb2f3560c00012c0000000002aacf1e3c767fbb94993266ad2a4c935592337212141eeeeee320c43494949b6f7c3dc9609ba1e95654eadc8096027272775efde5d478e1cc9f6e5b3b7b7b75e79e515454444e44848dadbe7de4c5edbb32c5cb85083060d52bf7efdd4a44913cd9e3d5b66b339c768e1bcea8c88885093264d3471e244cd9e3d5ba1a1a1faf6db6f0b739945766ef3610557f153a291acc0b4644526c56af6d135aaeceeaf41f57b6afcaeef65b55ab42bf2a4423cfd35ec8f8f657271949d9383ce6eca7b4da892f6f7e9d3a725fd6f28be24f9fbfbcbdbdb5b9b366d2aadcbcf26eb8175727222f90b0000002087ace46ad6c7b9c9c9c99232df55ae85ddbb772b313151eddbb7d7dcb97365b158e4eaea2a070707c5c6c6ca6ab5dade3bcd66b3a2a3a3b3cd34254937df7cb39c9c9c74e0c001a5a5a5a952a54ad996374a4848909473b62b00000000a848ae45a2372f478f1e558d1a35b28d362eed91c7657d7d6595532b7202b843870e727777d7942953b46ad5aa6cfb060c18a0ae5dbbeafdf7df57525292a2a2a2244983060d929797970cc3d0a2458b72dd9edb0d397af4a876eddaa57efdfa49927efdf5d73ce3caadceac11ace1e1e1ead4a9936ebdf5d6a25e6ea19d5bbc4d5ebd9a4986e4ece8a2f389714a7274d0ba8b4734ac5e17dd1fd6459fee5bacb3a9f10ab3afaa5477171986a40c8bce2dde9667bd25edef254b96e8e8d1a3bae38e3b141919a953a74ee9fefbef9761189a3b776e99f547d6030b0000000057b3582c8a8c8c54f5ead5151111a15f7ffd5567cf9e557878b81e7df4514952cf9e3d4bd4c66bafbd26070707f9fafa4aca5c8ac8cfcf4f92f4e28b2f6aeedcb91a3a74a8a64f9fae83070fead65b6f959b9b9b66cd9a257b7b7b7df7dd77b2b3b3d3dd77dfad8f3efa2847fdf3e6cd534848881e7df451db123a9b376fd6f1e3c7e5e3e3a3e6cd9b4b92962f5f5ea2eb0000000080eb5dbb76ed346edc3849d29b6fbe596ab32065255f838282f4c5175f283838d8b62f2bafd8a44913eddcb9539b376fd6c18307f5c20b2fe8edb7df56787878a9246fcb6a0ae82b95454ecd54d41322222264b158f4e79f7fe6d8f7ebafbfcac5c5455dba749124fdfefbefdabb77af9a376fae37de78430f3cf0800cc3c8737b6e7ef9e51749d2be7dfb74e4c8913ce3caadce3973e668cf9e3dead9b3a7c68f1fafc0c040a5a6a616f5920b25f9e4259d5db45989668b76459e510dcf004d6a314403ebb6d73b9b7e52539f1a7abdd100b5a95c47c7e32e2ac96c51528645677fdbace49397f2acb7a4fd9d9191a151a34669cb962dfacf7ffea3b7df7e5bc1c1c17afdf5d76d539301000000c0b53669d224994c26bdf2ca2bf2f5f5d5fbefbfafc4c4440d1d3a5483060dd2fefdfb4b547fe7ce9dd5bd7b77db4b79b56ad5d4bd7b7775efde5d866168f2e4c9faeaabaf54bd7a75dd79e79d727676d6c48913f5e5975fca300c393a3acac1c121cf77d52b4547476bd3a64dbae5965b74d75d77a95bb76ecac8c8d0840913b460c182125d07000000005cefc68d1ba7808000050404e885175e28f5facf9d3ba7112346e8cc993339f665bdb39d3a754ab56bd7d6dcb973151e1eae93274f967a1cff2686246b81479590a7a7a7cc66b31213130bb5bd34db320c433e3e3ecac8c8d0e5cb974bad9ddc18f676aa346e801cea545133b7605572f5d4f2537b94ee68927b869d8636e8207f574fbdbfed37c53b5895bae78422c77f2f6b46e92d462de5ddaf4e4e4e727373534c4c4cb6f5ac00000000a03c383a3acad3d353515151b25aad32994cf2f3f3534c4c8c323232ae490c2693493e3e3e8a8e8ecef69e9495fc4d4b4bcb337649d9f667bd7f5a2c16c5c5c5f1de05000000e086b068d12205040448922e5cb8a0debd7b97493b8181819a3c79b2faf6ed9b635f9d3a75f4cd37dfc8300c592c16dd7befbdf90e2ccd4fd6a8df8246f916f6b8f2704d12c03712c3de4e2e033bcab1634359ad16c9c15e866164bef827a7c96ab5ca707156fab2ed4afee6ef524ffe02000000000000000000d74a9b366df4e28b2fca6ab5eaadb7de2ab529a08b62ce9c390a0f0fcfccc319860e1d3aa47befbdb75875e535ed735e4800df408c904ab2ebd040a686d565f5f5906148d6c87859769f9075c56e594e47967788000000000000000000c0bfdee6cd9b75e2c4093dfffcf37af3cd3755b366cd62276649000300000000000000000000ae1ba6f20e0000000000000000000000503a4800030000000000000000004005410218000000000000000000002a0812c0000000000000000000005041900006000000000000000000800ac23eeb7f9c9c9c3462c408dd7befbd6ad0a081dcdcdcca332e00000000000000000000401e121313b57bf76e7dfbedb79a3a75aa525353254986246b7070b07ef8e107356cd8b07ca3040000000000000000000014c9ce9d3bd5bf7f7f9d3d7b5686939393f5efbfff26f90b00000000000000000000ff523b77ee54a74e9d643762c48857070e1c58def100000000000000000000008aa972e5caba78f1a28cbffffedbdaac59b3f28e070000000000000000000050021b376e9471e1c205ab9b9b5b79c70200000000000000000000288184840419090909d6f20e04000000000000000000005072a6f20e0000000000000000000000503a4800030000000000000000004005410218000000000000000000002a0812c0000000000000000000005041900006000000000000000000800a820430000000005c67d2d2d2d4a663673df4c863c5aec36ab5ea97df7ed390110fab538fffd36dfd0768dd860dbaffc1a1fae0a38f4bad9df272eaf469b5e9d859cf3eff4299b571e1e245ed3f7040898949d7759da561dd868d6ad3b1b322ee1c208bc59263fff51a3700000000202712c0000000005001ad5dbf5eefbcffa112139374ef5d03d4ad736755f2f3d3b9f3e774fce4c9f20eafc4962c5b2e49eadab95399b531ef871f35f4e147b477ffbeebbaced2b064d9324952545494b66ddf9163fff51a37000000002027fbf20e000000000050fab6efd829497a72e4a36adbbab56dfb82f9f3e4e2e2525e61950aabd5aa25cb96cbc9c949b7b66d53dee1fceba5a6a66ae5ea35aa5faf9ef6ecddab25cb96ab6993c6e51d160000000054786d3a76d6cd0d1be89d375e97b7b7b72429eef2658d7bf9156ddbbe436bff5e5eac7a4900030000004009a5a5a5a963f79eeadeb58ba2a363b4efc07e79797ae9eefe77eaf0d1a3dab07193129312d5ba652b8d1bf3ac9c9d9d64369b3566dc0bda7ff0a0121212e4efefafbe1111baff9ebb73d46fb15af5fc8b2f6bd59a357a66d493baa3efed4a484cd4c4cf276bedfaf5cac830ab79d3261a3572a47c7cbc35fad9e7b461d32649b24d911c58b9b2e67c3d4b3d226e57b3264df4c9840f72bd96fceabd5e1c3e7244274e9e54974e1de5eaea5aacfe1ff5ec186ddcb45913de7b47ad5ab490245dbe1caf5e7dfba9567898bcbdbc6d7df8e4d3cf4a92dab46aa50fde199f6f1f59ad562dfc6d91e67effbd4e9d3e233757578586d6d09bafbea237c6bf936b9defbffd569ee7f8faf894797faedbb041494949eadfafaf2c16b3fe5ab9524f8f7a520e0e997f32b8f279baba2f929292f4c5b4e95ab36ebd62e3e2145eb3a61e7e68981adf724bb1ee0b00000000dc48426bd4d0ce5dbbf5f8534febd3091fca300c3df1f4b33a74f8b0aa57ab56ec7a99021a000000004ac9d2e57fc9c5c5455d3b77d6f90b17f4d1a713b56bf71eb56fd75601fe015aba7cb97efff34f49929d9d9d3c3d3dd5372242cf8c1a251f6f1f4dfa628a56af5d97a3de6fbefd4eabd6ac51d7ce9dd4eff6db64b55af5ecf3e3f4c79f4bf47fddbbab73c70e5af6d7df7af39d77244977f4bddd3682f3ce7e7df5d4934f68f890070b8cbfa07acbc3ba0d1b75e4e8d16cdb962cff4b92d4ad4be76cdb8bd2ff77dc7e9b24e9cfa5cb6ce7af5ebb56168b453dba75cbb50ffbdd1e51601feddab347ef7c9039f5f6838306eab63ebd65324cf2f2f4ccb3cefcceb916fe5cb65c7676766adbba953ab56faff8f8785bc257cafd79caea8b175e794df37ffc49b56b85ebae3befd0c953a73472d453da7ff0a0edfca2dc1700000000b8917cf4febb0aa912ac23478fe9f1a79ed6e34f3dad43870f2b28305013de2bfebb38238001000000a09434a8574fefbef58624e9c2858b5abf71a3de7ee33555af564d9bb66cd1934f3fab0307fe97187be58571b6ffaf52255823473da51d3b77aa65f366b6ed9bb66cd194e9d355ad6a88c63ef3b40cc3d0f61d3bb563e72ef5efd7578f8c78489274fcc409addbb05171972febd6b66db47de74e6dd9ba4deddbb555f3a64d25658e54cecf8e9dbbf2adf7ea84e4f11327f4f3c25f8bd4474e8e8eb6baafb66acd1a4df8efa7727171d1c3c387a9558be67af19557d5ac69535bbf5aad562d5db65c6e6eaeb691bb598ad2ff6d5bb756a54a7e5ab16ab5525252e5ececa415ab56c96432d4ad4b67f9f9fae6da8705f5fdf1e32724495d3a75d4900706c9300c5b7c79dd975f7efd2dcf73ae56da7d9e9898a4b5ebd6ab6993c672777757c70eed3569ca542d59b64ceddab4ce37ee7dfb0f68c3a64d6ad9bcb9de7aed551986a1664d9b68e4a8a7f4d537b3f5ea8b2f14f9be00000000c08d24c0df5f133ffe4823478dd691a3c72465cee0f5c9840f14141858ec7a4900030000004019a85a3544eb376e544c4cacaa57aba62ac1c192a4f88404db317f2e5da69f172ed4e1c34794949c9c637f744c8c5e7eed0d592c5675efda55aeaeae92a4a3c78f4b92beffe9677dffd3cfd9da3d77fe7cb1478e16b5def3172e68def73f14a90d7737b75c939156ab55ef4df8580909094a4d4bd3f32fbdacaa21214a4e4951e346b7d88edbbd67afce5fb8a0de3d7bcad1d131cf760aea7f3b3b3bdddea78fa67f394b6bd7af57eb962db461d366b568d65c7ebebe79d65b501f356fd6542e2e2efa6ede7cad5cbd467d7afd9fee19d05f4e4e794f6f5c94734ab3cf2569e5ead54a4b4b536464945e7b6bbc24c9c1c15eabd6ac51724a8a5c9c9df3acf7e8b1cc3f4eb46dd3da96b46e7ccb2d727676b2fde1e26a85f97701000000003712077b876cef7f0e0e0e72722cd91239248001000000a00c6425c42c564bb69fadb24a92d6addfa057df7c4bf5ebd5d3938f3fa6a4a4647df4c9a7d9ea3877febc24c9d1d15173e67faf3bfbf59597a7a73c3ddc2549fdfbf555c70eedb39d53b54a48b1632e6abdad5ab4d0dabf9717bbbd2b9d3e73465151517ae0fefb74dfdd77ebd3cf3fd7cad56bd4aa450bdd1ed1c776dc92659953365f3dfdf3d50aea7f498ae8dd4b33bffa4a7f2e5d26c3c81c21dda35bd77ceb2da88fdcdc5cf5ed9733356de6975abe6285be98365d7ffcb94433a77c91e71ab7418181853ea734fb5c92962ecfacebe8b163b684ae24a5a76768cddab5eada39ef7eb65a33fbf2eaf1ca8661929d9d5daee714e6be00000000c08d222a3a5a8f8f7e5ac74f9cb0adf97be2e4493dfed4d39af8f1847c3f50ce0f09600000000028079bb66c91243d3474885a346baa43870fe77adc900706c9dede5e5367ccd48c595f69f4e323155aa38624e95264a49a346a54ec184c26932429312949924aaddee2a8e4e7a7ff7ef8be820203e5e9e9a1179e1ba3179ecb7e8cd96cd6f2bf57c8dbdbdbb6266d4904f8fbab6deb365ab761bdd233d2e5e2ecacf6b7b6b3edb7cbea9fc444dbb6c2f451e5ca017a61ec183dfbd428bd3efe6d2dff7b8576eedaa516cd9be55a6741e79495d8b8386ddcbc45ad5bb6d087effe6f6da998985845dc79a7962c5b6e4b00e7167758cd9a92a4f51b37e98ebeb7cb300cedddb74fc9c9c90aab195a6671030000004045f1f473cfdb92bf133f9e20491a39ea299d3879524f8d19ab59d3a614ab5e12c000000000500efc2b5592244d9d3153070f1ed49af5eb731c53ad6a550d1bf2a0525352f4c34f3febc79f17a87fdfbe0aab5953eddab4d68a55ab35f6c597d5a07e3dc5c5c5e9dcf9f37af3d5570a1d83bdbdbd022b57d6c953a73465fa0c8d1836b454ea2d0e171717dbdab279d9ba7dbba263627467bfbe798e302daa7eb74768d59a355ab77e83feaf47f76c531e0707054992264f9daec3478eca6ab5eaa1a143f2eda335ebd669f5da75aa1a12a2949414eddb7f4092e4eded95679df56eaa9bef3965e5af152b65369bd5a1fdadd9b6fbf878abd1cdb768dd868d8a8f8f97878747ae710f1ff2a05a346fa635ebd6e99537de52cdd01afae1e70532994c1a3c706099c60e0000000015c1c14387542b3c5c13de7bc736da77e2c713f4d498b1797e285e18a6d20a1000000000507877f6ebab9eddbbe9d8f1e39a3d67ae4282abc8cdcd35db311eeeee3219865c5c5c34f4c1c1329bcd9a38f90b49d26b2fbda8bbfadfa9c3478f68c6ac59dab069931c1c1c64b1166d2add67478f5260e5ca9a3bff7b454545955abd6561dffe030a0f0b53cf02a6692e8a16cd9b2b28305092d4a35bb76cfb7a74ebaa6e5d3a2b362e563ffdf28b0e1d3e2cabd59a6f1f2525256bebb6ed9a3673a6be9afdad1c1d1df5cce851aa5dab569e75262626e57b4e5959ba6cb94c2643eddbb6cdb1af5387f6cac8c8d0df2b57e519b7248d7fed55ddd9afaf76edd9add973e6a86a48154dfef4138587d52cd3d801000000a02258fbf772cd9a3625db54cf7ebebe9a356d4a8996ff31121212caff2d1e000000008072909a9aaa883b07c8c9c9490be6cfb54d8b1c49054f00002000494441540d00000000c0bf156fb600000000801bd6df2b57292121413dba7621f90b00000000a81078bb0500000000dcb016feb64892d4b37bb7028e0400000000e0df81043000000000e08674facc196dddbe5d354343151e1656dee10000000000502a580318000000000000000000002a084600030000000000000000004005410218000000000000000000002a0812c0000000000000000000005041900006000000000000000000800a820430000000000000000000005410f666b3b9bc6300000000000000000000009402fbe4e4e4f28e0100000000000000000000500aece3e3e3ca3b06000000000000000000004029b05fb4686179c700000000000000000000002805c6f9f3e7ace51d0400000000000000000000a0e44ce51d0000000000000000000000a074900006000000000000000000800a820430000000000000000000005410248001000000000000000000a08220010c000000000000000000001504096000000000000000000000a820f24d008f79e12575ef737b8eff366dde2a8bc5a26fbe9bab73e7cf4b92fadf37506bd6ad2fb340f38a65e9f2bff23ca77b9fdbb563d7ae1cb15a2c1699cde662c7f2d26b6fe88db7dfc975dfc7133fd3e34f3d93a3cdf2969a9aaae95f7ea507868d50afbe77eabec143f5f21b6f69ff814385aea334eff1d5f7e07ae8afa23cefc591f53c16d5d2e57f658be7ff6ebf43431f7e448bfe585cec58b294f5bfdb6b61cc0b2f69e6d7dfe4ba6fdccbaf6adacc5985aeab22f4070000000000000000b8b1d91774c0ed7dfae8ae3bfb65dbe6e9e9a1d4d454fdf1e79faa195a5d41818165166041b17878b81778ded5b1ce9e33573b76edd2076f8f2f561ceddbb5d3279f4d524a6aaa9c9d9c6cdb2d168bd6aedfa8fe7d6f2f97fec9cfc4c953b463e72e3d3c7ca8aa57aba698d8186dd8b859e91969e512cfd5f7e07ae9afebe979bf52253f3ffdf783f72449a96969dab67d873e9934592155427473c3fad73c1e0000000000000000005c9f0a4c00bbbab9c8dfbf52aefbbe9939bdd4032a6e2cf971717129d5585bb76cae8f3e316bdbf6ed6addb2a56dfbbefd07141b1babf6edda967a9b2561b55ab566ed3a8d7afc31b56ddd4a92145225580deb5f3f89c3eba5bfaea7e7fd4a7676a66c71855409d6aa356bb575fb3612c0000000000000000000b02930019c9ffef70dd4b831cfa849a34639f625262569cab4195abf69932c668b5ab76ca911c387c8ddcdad244de6293925459f7f314deb376e949d9d9ddab569936bac3ffebc501b376f969439256ff56a553575d2c422b5e5eeeeaec68d1a69f5daf5d912c06bd66f50ed5ae10a0cac9cadcd268d1ae5db1f2fbcfa9aaa8584e8e1e1c32465266c070e1dae668d1b6bf413236ddbee7d60881e1afaa0ba74ea58a4780dc390b38b8b4e9d3e93ef7145bd67051d9f9696a6afbf9da3556bd62a2e2e4eb5c2c3f5d0d0c19af5cd77b9de832bfb2b3d3d5ddfcc99ab152b572b26365661a1a11a3e64b0eadd54d7d6fe9df70ed43dfdefd4ca356b74e2c44979fb78ebb18747a865f36645ea9fc2ba32be82da2ee8792c0d7676764a4f4f9724cdfcfa1bfdf5f74a454547cbc7db4bfdefe8a7be117d24e57d1f6a858767abeffc858b7ae2e96715d1aba706dd776fbe75262625e9bf132769f3d66df2f3f551bd9b6ed2fa8d1bf5e2d8316a58bf7e81cfc6cad56bf4cd777375e6ec59797b7ba943bbb61a316c68a9f7d1d58afa8cf7bf6fa0ba75eea41dbb76ebf4e933aa51bdba1e7d7884ead6a955e6b102000000000000000014478109e094e41445c7c4d87e360c937cbcbd0aacf8bd0f3f96d96cd6c4091f4a92def9e0434d9d3ed396d02c8e1cb1c8908f8fb724e993cf26e9e0a1c37a69dc73f270f7d0a6cd5b72ade3cd575fd2d7df7e57a229a025a97dbb369a3af34b6598cdb2b7b393d56ad5baf51bd4b37bd75c8fcfaf3f5ab76ca91f7f5e604b001f3b7e5c919151dab4759bac56ab0cc3d0e123471477f9b25a346b5aac781fb8ff1e7df4c9673a7bee9c06dcd15735aa572f528c45bd26499a3465aaf6eedbafb1cf3cad902a41da77e0a08202030b750f3e9f3a5d5bb76dd7d867462b303050bffcfa9b9e193b4ed3bf98649b82d96236ebf499331a3ee441050706ea9b3973f5c1471f6bee375fc964ca7779eb3c15f6792fa8edc23e8fc5919a9aaaed3b7769d79e3db6e7ad59e3c6ead1b58b7c7d7db569f316bdf1f6bb6adab891aa8684e4791fae949894a4975f7f433737a8af81f7de53609d13fefb89ce9e3bafb75f7f4d263b43dbb6ef504c4cacadbefc9e8dd8b838bdf5eefb7a68e81075e9d84169e9693a77ae646b3f5f7ddfb2a4fd93202f4c5c79b91419a5210f0c527050a07e5cb050635f7a59dfcc982a77f782a79f070000000000000000b8d60a4c00fff4cb42fdf4cb42dbcf2121553463f2a47ccfb978e992d66dd8a0d933a7dba6aded7bdb6dfa74d2e71a5d8260af8ec5d9c949bffc304f71972febaf15abf4ce9bafd9a635ae51bd9aa6cefcb204ade5af75cb96fa78e224edd9bb57b7346ca813274fe9ccd9b3bab56dce919e05f547eb962df4c9679febf499b30aa912ac0d1b37a96ba78e5ab97a8d4e9c3ca51ad5ab69fdc6cdbab96103797878142bde9eddba29bc6698a6cd9ca5118f3da1766d5a69d88383552538b8503116f59a2e5f8ed71f7f2ed507efbc651b2dd9bc699342c51a1f1faf457f2cd6f8d75f51dd3a75244983eebb579bb66cd5825f7fd37ffe49944b52eb562d754bc306ff5c6357fdbef84f45c7c4a8929f5f71baa948cf7b5e6d3b383894faf378e1e22575ef73bbed677b7b7bf5eed953eddbb59524356cf0bf69a06f6ddb46aeaeae3a7ee2a4bc3cbd0abc0f66b359e3df7d4f8e8e8e7a66f493320c23df3adddd3db47aed7a7df0ce5baa533b731471688d1a9a367396a4829f8d84f80459ad56356974b3ed038eca0101c5ee1b29e77dbb52dddab50b15575e3a75686febb347470cd7eab56bb562d56af5febf9e258a190000000000000000a02c149800bef7ee011a326860912a3d77fe822469d0b0876cdb2c164b11432b7c2ce7ce9d93c562b1257aae054f4f0f35bee566ad59bb5eb7346ca8b5eb37a856589882838272c657407ff8f9faaa4eed5adab8699342aadcae0d9bb7e89efe772a3e21419bb66c558dead5b471f36675ebdca944318787d5d43b6fbea6fd070e68de0f3feaa14746eaa571cfa975cb9645be67051d7ff6dc59592c16d5a955f4a972cffc733f1bd4ab67db6618861a3668a013278ee7795e56d2372323a3c86d6629cef37e75db919191a5fe3c56f2f3d37f3f784f9264b233c9cbcb4bf67676b6fdfb0f1cd09cf93feac0c1834a4c4c544a6aaa32cc1985ba0f5fcdfe56274f9d56b72e9de5ece454609de7ce9d93d56a55785858aef515f46c040707a96deb961a3de67975efd24577f48dc83122b9a8f2ba6fe35e7eb5d07115869d9d9dc26b86eaf499fca753070000000000000000282f255a03382f1eee99eb692e983f474e572494ca8ad99c99c4298d247351dcdab68d66cf99ab47460cd7daf5eb756bbbdcd7792d4c7fb469d942eb376d56e74e1d75f4e831dd72cbcd8a8c8ed6aa356bd5b553471d3878482f3dff5ca9c45db74e1dbd3cee797d316dbabe9afd9d5ab76c59e47b56d0f1566b6699359ab448fe39f9ea730dc39061d8e576c675a52c9e473b3b936dd4ead52e5cbca8a7c7bea0e143066bd88383e4e3e3a3871ec95a3b3af398fceec3c58b97f4c273cfeadd0f3fd26dbd7bab4eedf07cebcc62cde3fa0a7a364c26935e1ef7fc3f23ba7fd5438f3eae81f7dead7b06f42fb01f4aa2b47e2f65982d324cd7ff730800000000000000006e4cc55b28350fd67fb24d81952bcbdede5efb0e1c28cdeaf314fccf34c6070f1d2ef439568bb5c4edb66ed5529151d15ab761830e1e3aac766d724f0017a63f5ab76aa5ddbbf768e5aa35bab96143b9383bab45b3a6dabd67af56ad59a3dab5c215e0ef5fe298af54a54a15252525173a46a9f0f73828287344e7b1e3c7f3ae2b8f7b101c142cc330b477fffe6cdbf7eedba71ad5abe51bdff5a038cf6349ecdcbd4701fefeea775b84aa8684c8ddcdcd96f02dcc7d7868d85075b8b59d6eefd34b93a74d93d56acdb7ce902a5564676797e7f515e659320c432d9a35d55bafbea267478fd2ccafbe514a4a4a317ba0708afa8ce7263d3d5d478f1e55688d9c6b680300000000000000005c0f4a2d01ece2ecacfd070e2a353555aeaeaeead5b3873e993459070e1e564a6aaa0e1f39aa35ebd697a88d94e41445c7c464fb2f2535553ede5e6adfaead264d99a6e3274e29392545eb376ecab31e6f6f1f9d38754a172f5dd2e9d3c59fcad5dbcb4bb7dcdc5013274f5558cd50855409cef5b8c2f447f56a55e5efefaf6fbe9ba3562d9b4b9202fcfd1552a58a66cf9da736ad5a153bcea4a4243df3fc0b5af4c7621d3c7448a74f9fd1ef8bffd48c2fbf52efffeb51e8188b728fbdbdbcd4b963074d9c3c45a7cf9c554a4a8a76ecdaad53a74f67eecfe71e787a7aa867f76efae4b3cf75f8c8512524266acefcef75e4c851f5bdad4fb1fbe15a29eaf35852be3ede3a73f6acb6efd8a9d8d858cd9e334f915151920abe0f59e74bd2fdf7dcadd3a74febef55abf2add3d3d343ddbb74ce767d6bd6feef3929e8d9c8309bf5d78a158a8d8d556c5c9c4e9e3a29676767d93b3894591f15262e29fb339e65d3962d8a8d8d554c6c9c264f9d26074727b5cf65ad6f000000000000000080eb41a94d013d78e0fdfa62da74c5c4c6e8d9d1a3f4f0b0219af9f56cbdf5ee7b8a8e89919fafafba76eea8b6ad8b9fc8fce99785fae99785d9b68d796a94ba76eea451231fd5f8f73ed088c746cacbd3432d9a37cb73cadc36ad5a68c1c2851afec848d50cada18fdf7fb7d831dddab68d3ef9ec7345fc9348cd4b41fd611886dab66ea9ef7f5aa056cd9bd9ce6bd9bc99e6ccff5e6d5ab528768c59a32dfff873a9ce9d3fa7d4b47455ab1aa2ff3c344cddba742e748c45bdc7a3463eaa29d3676accb817959098a8902ac11a3a7890aa8684e4b8071fbcfd56b6981f7bf821cdfa66b65e7beb6d252424a85678b83efee05ddb5abbd7bba23c8f25d5a45123dd75e71d7a7dfc3b7274745497ce9d542bfc7febf3e6771faee4eeeeae07070dd4b499b33475d2c47ceb7cec3f233479da0c8d79e145592c66b56cd62c5b5df93d1b972f5fd69f4bffd2a42fa6293925452155aae8c5e7c6645bd3b8ac14f51997a49898383df1f418c5c6c5e9a6ba75f4c1db6f5e93a9ed0100000000000000008ac3387ffe5cc9e742be8e242525c9d5d5b5bcc30024dd38cf637a7aba7af7ebaf09efbdad06f5ea957738a5a6ff7d0335faf19125fa70050000000000000000e05a2ad53580af073742b20dff1e37caf31817172749aae4fbef18a10d0000000000000000505155b8043080b277f2d4292d5cf487222323959292a2efe6ffa06a5543ca6c9a6b000000000000000000144ea9ad010ce0c661b1489bb76cd577f3e62b313151b5c3c3f5e2d8b1b2bb06ebf8020000000000000000206f156e0d6000000000000000000000b851310534000000000000000000005410248001000000000000000000a08230426bd5670a6800000000000000000000a80018010c000000000000000000001504096000000000000000000000a8204800030000000000000000004005410218000000000000000000002a0812c0000000000000000000005041900006000000000000000000800ac2bebc0300ae6756ab55e969a93267982559cb3b1c0015989dbdbd1c1c9d64184679870200000000000000f81723010ce4232d254595c2bba87aeb4774feafa7ca3b1c0015546a5a8aa22323959e962a4727e7f20e0700000000000000f02f460218c887c562565887317270abacd4b4b4f20e0740056532ece4e9eda3e8c84b925379470300000000000000f83723010c14c0c1adb224c96c36cb300c59ad564a4a4aca522dcd56ab1c1d1cc554f300000000000000809232957700c0bfc5f59024a2a4a4acb8a5d96229ef5f7300000000000000800a8004305048e59d1ca2a4a4acf82500000000000000002545021828a4eb213944494959b14b00000000000000004a8a0430504859c9194a4a4acab22a0100000000000000282912c00000000000000000000050419000060a2b6b841e252525655995000000000000000094100960a0b00c83929292b26c4b00000000000000004a8804305058e53d32909292b2e297000000000000000094100960a0b00c233349434949495906a5d56a2defdf7200000000000000800ac0beac2a1e3878846a8486e5d87ee2f8117dfde594b26a16283b59c9194a4a4acab2280d43000000000000000094549925806b8486e9cd579fcbb1fdc557df2dab2681b2751d8c10a4bcfeca091f7da8e9d36768cf9ebd453a6ff843c3d5b6756b9d3c754a133efa588181957560ff01b56add4abdfeafa75e7ee5b5ebe2fa280b2eed1c3d644e8b2f797dc03f0283aaa86ebd86b25acddab66593dab4eba8e54b7e575a5a6a798706a082a912524d756f6aa0b4b4346dd9b45ece2ece8a8b8d95d99ca15b3b74d19edd3b141d1559de61020000000080222a30016c1839a7a5cc6d5b6ef24af6e6b5fd5a8d0eeed0a9bbce9c3ea9c387f617bb0e1f1f3f75eada533fce9f5d8a91e1ba96f5cc53525e596629c279d56a5457a78e1df4f07f1e55427cbcdaddda4e5d3a77d66bafbd5eacfa28cba7f4aed95d959b3e2c7b272f65a4c4eafc96c98a3bb6b4f8f5920486243b939d6e69d4541bd6ad564c4c949c5d5c64b558959a9a22a3806724b84a5555ab5e53bebe7e5ab3fa2fc5c5c65ca3a801fc1b59ad56dd54ff666ddfba51972e5e9024356dde527bf7ec5254e4c542d7e3ededab5a756e92ab9babececec75f6cc69eddfbb5b92b5c073010000000040d9c8770de09a61b5f5d07f46c9cdd5ddb6cdcdd55d0ffd67946a86d52ef560aad7c83965745908a81c28770fcf12d5e1e8e4a890aad54b29220037122f4f2f9d3f7f5e09f1f192a4d5ab56674ffee2bae716d84455da8c91bd939724c9ded95b55da3c27b7c0c6e51c19feedbcbc7d94949ca4d8d8681986213737772525251498fc95323fd0dbb96db3acb22a3131f11a440be0dfcc304c727470546c4c8c0cc39061185ab562599192bf9264676faffd7b77ebef657f6af5cabfe4e5e9a51aa135cb286a00000000005018f98f0036245fbf4aba67e0107d3deb0b49d23d0387c8d7afd2b5882d071757570d7d68a4ce9d39ad6a356a2a2d2d4d7f2dfd5d3542c31456abae4c26937efff5271d3d7250a39f7d4933a74f52d4a5cc3f60d4b9a9811a376eaee4946485d60c5748b5ea6ad3aea3e6cc9ea1e8a848dd54ff66dddaa18b1c1d1c75f2e431fdfedbcf4a4f4b536060b03a76e9a94afe0132676468e58aa58a8989d29d0306cadddd438f3e3146470e1fd0e245bfa843a76eaa73537d393838e8f2e538cd9e354d168bb95cfa0aa5cf2ac9a0ac50e5840fdfd7debdfbd4ac695339383ae8b745bf2923ddac2e5dbbc8dbcb5b8b162dd2dc79f365320c8d1d3b462155abcace64d2fe0307f4e9a71365ce302b6b748b55d280fe77aa458b167af1a597949a9aa6b66ddba87fff3be4e2e4a23dfbf669ead469f2f5f5d1a38f3c2c6f6f2f4df8e8431d397c445bb66e55d72e9df5e69be39535bb42569c21d5aaea918747c8c7db4797a22235e9b3cf75e1c285eba2ff6ee4d23bacbbae661886bc6a7657e2f96dc5ae1737365f5f3f356eda42263b3bdddaa18b2e5e38afc4c4442527255d714c25d5ae5b5fcecece4a4c4cd0f66d1b959e962e493a73faa4dcdcdc95919eae8cf4b45cdb300c43b5ebd45340e520393838283a3a4abb766e953923e39a5c2380eb47ebb6ed25496dda7594d56ad1aa15cb746b872edab9739be262a2731c5fab4e3d05078748924e9d3caea3470e4a922d616c1886d2525374eedc59f955aaa4e3c78ee4a823a072906ad7a9273b7b7ba5a5a66afbb68dd97ec7010000000080d2916f02f8e8e1839a376796eeba67b006dc3d588661c83f2050f3be9b657be1bfd67c7cfcb4f0e7f9fae987efd4ba6d07ddd6ef2ecd9ff3b57eff6d819a356fa5ae3dfae8f34fdfd7c1037b55b76e7dadc94a00d7adaffdfb766bfbb64d1a70cf033a7470bfb66fdd2849f2f30f50ef3efd346dcaa78a8d89d1807b06a965ab5bb57ae53275eef67f3a7ef488e6cc9e293b3b939c9d5d949898a079df7da9bbef1ba2499fbc27490aa95a5d8d1a37d3d4c9ff555252a2bc3cbd48fe56300665852b0d934951d1517a72f468d5a85143e3df7a53dfcc9eada79f7a5641c141faf8a30fb574d972454745e9abafbed199336764efe0a04f3ffdaf5ab468a1756bd7d96a6cdbb6ad7a74efaee79e1fa7b4d4348554a9a287473ca467c78cd5a58b17f5ecb3cfe8b6883e9a3fff7b4dfafc0b0d7e60a09e79668c24a955eb56ca9235cacf90646767af17c63daf2f67ced2860d1b1411d15b8f3cf21fbdfaea6bd745ffddc8a5c9ce49b9b1b3772e51bdb8b1454747e9e48963b27770d4be3d3b2449b5ebd4536252e6685e770f0f356ada5c1bd6ae524242bc9ab568a31a35c275e8e03e5b1dae6e6e4a4c4cc8b38d86b7349661d869edeae592a496addb2b2cbcb60eeedf5b865706e07ab46ecd4af5ead34f6b57ffad8c8cf47c8fad56bd862a55f2d7ea954b6518991fa9c4c6442b3a3ae7fac05edede4a48c8f97bc8cddd4337376aaa0d6b57293e3e4e4e4ece4a4d4d29b5eb010000000000ff93ef14d0d2ff92c055abd55048d5eae59afccd72f2c43159ad561d3d7c50e969e9ffc463d5d1a387e4eded2349dab76797eadcd440926467675278781d1d38b027d7faead7bf45870e1d506c4cb424ab0eeedfa31aa199d351a7a4a4c8af52809c9c9c64369bf3fca36a6a6a8a1c1c9d54c93f4092147739ae742f1ae5ce4a5921cb83070f292d354d070e1c54727292366fde2ab33943a74e9d526c4cac2a55ca9cf1e0f4993392a4f4f4741d397244952b07d86aaa5d3b5c8f8f7c441f7ff289a2a2a224496ddbb6d1d6addb3247eb5aaddab86993ead7af6f6bf7ca91c357ba720470dd9beac86418dab871a3ac92d66fd8a4ba75ebca646757eefd76a397f1e7b62837f1673797a85ec0d5d54d29c989d97e4efe27015c33acb64e9d3ca1c4c4cc29a1a3a32ec9d5d52dc7f949794cffeceae2a680cac1dabd73abcc668bcc668bce9d3d2d6f6fdfb2bb200015427095aa3a7dea84cc668b3232d215157549be9572ce0ae5e5e525ff80ca3a71ec70ce3a824374eeec69c5c767be2791fc0500000000a0ece43f05f43fb292c0b2aadc93bf574abfea4bf5f4b474652d9177f4c821dd7ec73df2f2f296af9fbfce9f3f9be7f4621e9e9e0a0bafa3479f1863db1619794192b464f14275edd65b4f3c354e5b376fd0ea95cb72fd63c5a58b17b478d102dd7ec73d4a4a4cd0b2258b729df60cff5ec599ce95f2fa2e25ab0cc3b0fd9c929a7ad5cf293219860c934977f4bd4db7b66b27377777b9383bebd8d163ff24ed0cdd73f73d3a73f6acead7aba73dbbf7c82ac9d7cf4fb734ba459f7df6a964b54a86a133a74f67b66fcd6cc116cf95d33e5f3102d8d7d7571e1e1efaf4d3ff4a862159ad8a8c8a94a3a393529293cabdff6ee432eef022b9fad7974fcd6eca127364b1628f2c2a7ebd56d2c0909c5d5d75fefc59dbcfae6e6e3a7bf6b4a4ccf581fdfcfc6d53b04ad2e9d327b29defeae6a1c4a4dc3f56f3f4f6565c4c8ccce6ffcd50929191a1b43ca68b06802c4e4e2eaa55fb26d50cab6ddb76f587b14ece2e6ad4a4a5b66ddea8b4b49cbf57b2665202000000000065af500960293309fc6f623667e8d0c17daa5db7be2af907e8c0bedd791e9b101faf1ddb366bd992df72ec8bbf7c593ffdf09d3c3dbdd5bd6784baf7bc4d0b17cccbb59e5d3bb76acfeeedaa55fb260db867b0a64dfeaf6262a24aed9a50be0a1ab947f92f2daf48bee6f5738b16cdd5ac7973bdf8f2cb4a4848d2f061436dfb25ab7efce9672d5bba4cefbdffae962d5faec8c828c5c6c6eaefbffed6acafbe56eeb2b763db7a45fb3131b13a7deab49e7d6e6c1e755c07fd77839616ab4567d6beaba8bdf3e4e8595569974f2925f69854c47aae2c99061a92e476d50860175737fd3f7bf7195e5775a77fff3e4d3a4d3aea5d966559ee3606771b5c20100804083d90044802933e61260993795248fda75e6933a407483221091008bdba11e38a01775bb62cc9eafda89c5e9e17b20542c592558e7cfcfdbc59da7bafb5f76f1f59bac0b7d75a9e933380132c89dab67593ba07585ab577bcc3aebadab601af592c09329a4d7dcea5a565a8a3bd7d0c2a0710cffc01bfcacb0eabb1b17ec0eb2693594b96aed4d1b24383feff8fcfef55a2d53a9e65020000000080934ebb04f4d9ecd081bd9a357bbe66cc98ad4387de5efe391008283d3d5d924146a351870feed3fcf3ce575a7aa624c964322939394552cf9ec30683411d1dedaaaea994c3e99424050301d9ed0e596d36198d26992d162525b91489445471fc98027ebf6c0efb84bf3380b1979191219fd7278fc727bbddaea2a2297daeefddbb574dcdcd7af1c59774dbadb74a92b66ddba68b565fa8dcbc3c4992d96c514646fa699fe5f57895949c2493c9a4b2b2234a4949d1d2a54b7aafe764650d311a13cdd77e5c1d559bfb84bfc09932188d4ab45ae5f178254946a3518909890a9e9c49e7ee6857e194e2de7f28f2eee59f25c9e170be6b096883a64e9bae848404b9db5b959a9a2687c3a96834aaacec5ca56564aab2a27cdcdf0dc0d927140cc99ad813d8d6d7566bdaf41932997bfefdb025c122b3d922a967f5920b162d535363bd6aaaabfadc232d2d5d99593927ef51abbcbc02d96d3dbfbb1212127aef070000000000c6565cff1ff7b1a34774cd076e517d7d8dbabb3a7bcf1fd8f796aeb9ee16cd983147cf3cf598aaaa2af4d2f34fe9c65b3e22a3b12713dfb1f55f7a7dd7565db078a966ce9e2fb3d9acaeae4e3df3e46392a4d6d616559fa8d4a73ef345959797e95f9b5ed1b5377c50164b82121313b5f7adddaaad3e1193f70630b6366cd8a0d2d252fde2173f534b4b8bdada069e2df7f8e34fe8173ffba94a4ba7abaceca81e7cf08ffaaf7bbf2093b167c6dd534f3fa3175e7871c867ed3fb05f8d0d8dfaf10fbfafcfffc717f4ddef7d4f777dfc63bafdf68f48920e1e38a8fff9dffbc7f605014c0a36ab4de150588140cf72f491484427aa2a74e1ea75dab8fe251dd8fba6e69f77812e7ecf150a87c3f278bab56bc76bcacd2b50e98cd99224bbc3a9f3ce5fac4824a2b7dedca56020a09292196a6a6c5047875b07f7efd192e5ab140947d4dddda56d5b362a1c0ec5f8cd014c46e5c78e68d6dc0592c1a0c4aa89ce0000200049444154ca8a72252426eac28b2e9624452261ed7deb0db5b7b76aeab4e9caccca96dd6957764ecf3f7cebeaead4ee5ddb949593276ba2554d8df5eaec74ebe0813d5ab46c858c4683c2a188f6eed92d77fbc0ab160000000000803367282e9d3b2e9b0e7ef88ebb5534b56444632a8e1fd39f1ffacd98d671f307ef50797999766edf32a6f7c5b9c1dbdda5d59fdf2b49daf7e7f7c4b81a00f1cc6030a8a5a95e368733d6a50000000000000000ce62e33603f84f0f8e6d907b268c46a37272f3f5dc334fc4ba14c48168342a83c1404b4b4b3b6e2d0000000000000000a315d77b00171597a8a3c3ad8e8e81976b054662328443b4b4b4f1db2a3a2e0b720000000000000000ce31711d00cf9bbf50070fec8d75198813b10e87686969e3bb958119c00000000000000080d11bb725a02783a79e7824d625208ec43a1ca2a5a58def565166000300000000000000462fae67000363297a329ca1a5a5a51daf160000000000000080d1220006000000000000000000803841000c000000000000000000007182001800000000000000000000e2040130304cb1de1b94969636fe5b0000000000000000468b0018182683c1a068344a4b4b4b3b2e2d00000000000000006381001818a6687472cc10a4a5a58ddf160000000000000080d122000686c1db7aac77861e2d2d2ded78b500000000000000008c160130701a81ee0635bcf550cc6706d2d2d2c67f0b00000000000000c068198a4be7f2b7cec020c2c1a0eccee4589701e01c11f0fbe4e9ee8c75190000000000000080b380cde11cf0bc7982eb00ce2a81805ff6581701e09c9190685542a235d66500000000c0b8cac8c854737353accb00000038abb5b70efedf532c010d000000000000000000007182001800000000000000000000e204013000000000000000000000c409026000000000000000000000881304c0000000000000000000001027ccb12e60281fbafd6e4d2d2e19f47a7b5babfef4e0afe576b74f60550000000000000000000030394dea00786a7189be7ddfbd835e5fbdf63dfaf01dff36e2103837af40d77ce02699cd166d58ff821a1bea140c06d5ded6aabb3f758f9e7fe69faaaa2c1f8b5700000000000000000000800933a903e0d3d9bcf165491a7108bceac2753a72f8a0d6bffc9c24e98aab3ea0eeaecedefb0d47426282962ebb48e72f5a2a93c9a49ffee8db237f01c42da3d12c873359569b43569b43164ba20c06a9a9a15a1dee965897372497c5a2eb0a0ab52c3d5dd936abc211a9c1efd5ae96563d5b5bab06bfafdf18b3417a5f5ebed66665a9d0ee5082d1a8269f4f073b3af46c5dad0e7674c4e04d000000000000000000ce3d674500fc95fbbedfe7f89db382df1902ffcfcffaf61b8cdde1d4de3dbb7b8f9f7bfaf111d7140e45d4dddda9c71f7d5837dcfca1118f477cb33b9ccaca29ec3d8e466358cc08cc4a4ed637e7cf57b225419e5048e55ddd92a4a90e876e2e2a92243d70bcefecf8148b45df39ef3c953893148e4454ded5256f24ac7c9b5d97e6e6aac06ed73d6feceef72c0000000000000000008cbdb322001e6a1968a927045ebdf6d261ddebbd975faddcbc3c5d76c5d55a73f1657afa8947347fe12275badd7a6dcbc63e7d0d068356afbd5473e62d90d168d41bbb76f4f60987437ae3f51dcaccca3eed333332b274f995d72a25354d7e9f579b36bca423870f0cab5e9c9d42e1a0dc6dcdf2fa3cf279bb94995d28872329d6650d29cd62d1b7e72f90d362d13fababf5fbf2630a4422927a66f8aececa56b2d9d2678c41d2d7e7ce538933497bdadbf5fd03fbd51208f45e9fe772697566d644be060000000000000000c039edac0880c7d20bcf3fa9ecdc7c6ddbba49470ef584b0f3172e1ab0efc2454b35ada454bffdd5cf64329a74f7a7ee517575d588f60736994cbae5431fd5e68d2f69cf9baf2b3121513218c6e45d3079f93cddf279ba635dc688dc316d9a9c168b7634b7e89747cbfa5c0b45a5f50d0dfdc65c929dadd929296af50774dfde3df284c37daeef73bbb5cfed1ed7ba010000000000000000f0b6b322007ef712d0ef74bad9c1a3316ffe42bdb17ba742c1a0420aaaf2f8514d292a1e51005c3865aa828180f6bcf9ba24c91ff08f57b9c019b39a8c5a9dd9339bfdd1eaaa618fbb2c275792f46c5d4dbff0773c2c5abc54cb57ae524646a63c5e9f0eecdba30dafbca82f7fe51bf27abdfaeeb7be36e0b8a4e464ad5cb55aa533662a35354da170482dcdcddabf6f8f76efda21afd7db6f8cc562d192a5cb3577fe79cacccc92c964525b5b8b8e969569c7b6d7d4da3ab9f772060000000000000000e7a6b322001ecf90772849492ead5efb1eadbc706defb991863e49ce64757430031293db8ca46459cd26052311ed1fe68c5d8b0c9aed724992de6c6b1bcff22449975c7ab9d6aebb44a1705815e5e50a06033afffc45cacece19725cd1d462ddfae13b64b7d9d5e176ebd8d13245226165e7e4e9f22bae92cfebd5ebbb76f419939494a4dbefbc5bd93939f2fbfd3a5155219fd7a7d4b434ad5879a19c0ea71e7de4e1f17c5d00000000000000008033725604c0b19a01dcd5d9a9ad5b36aaecc8c133be476757879c4ee71856058cbd02bb4d9254eff32a1c8d0e6b4cb6dd2a8bd12849aaf17a8635e6f22baed2aa8bd60cab6f4df509fdeafe9ff73c2b2757abd7ac532010d403bffba5aaab4f48925cae14ddfd89cf0c7a0fbbddae5b6fbb5d769b5d1bd6bfa48deb5f56e4e4bec6923463e64cf5ec64dcd78db7dca6ec9c1c1d3e74508f3df2709f19c29999599a56523aac7700000000000000000098686745003c913380037e9f9292932549870eecd5f2956b5455795c7ebf4f36bb5d9170447ebf6fc87bb85c299a5e3a4bafefdaa6ea1355b2db1d2a9d315b65470eca6432c96e77aab39359c1983c9c668b24a93b34fc659c4f8d19c9b8b6b65655561c1f56dfa6e6a6deaf172f5e2aa3d1a85d3bb7f486bf92e476b76bf3e60dbaeafdd70e788f254b57c8ee70a8aab242eb5f7eb1dff523870ff73b37a568aa8a8b4be4f3f9f48fc7fed66f79e8a6a6463535350eeb1d00000000000000000026da5911004fe40ce0ad5b36eb3d975d29a30cdab573abec4e873efe89cf291289281c0eebd9a7fea1ea1395ba70f5259a3f7fa14c66b3ec76873ef9e9ff94243df0fbfb959b5fa8e52b57eb8ddd3b140a05f5b7871fd2e5efbb46975efe7e45a3116ddbfaaaded8b57d4ceb0646e3d41cd8e83067ffbe734ccfb8e18dd9beed356ddff6dab09f714ae1942249d2d1b223fdae1d3bdaffdc2925d37b66eaeeda39fc9fb753630eeedf274f77f748ca04000000000000000088b9b322001eeb90f78f0ffcb2cff10bcffeb3f7ebc387f6ebf0a1fdbdc71b5f79411b5f79a1df3dfeb5f915fd6bf32b03deffd081bd3a74606fef717d5d8d1efcfdfda32d1b18375dc19024c96919feaf8453637ac699d416880cd17b749c49499234e07eda9d1d9d838e4b49499534b2bdbbcf640c0000000000000000c064715604c000c6d7094fcf1ebed956ab4c06c3b0f601aef77a158c4464311a956fb3ab2d70fa65cd97afb8500bcfbf605835353635ea1f8ffc5592643839df78a019ca2693f1b4f71ac9cce6d18c01000000000000000088b5491d0057561c1b72f9e777aa387e6c9cab01e25759678702e1b0124c26cd75b9b4a7bdfdb463828aea4867a7e6ba5c5a989aaa7deed307c0292929ca2f281c717d9d9d1d4a76b9949cec5263437d9f6bcea4e441c7b9dded4a4d4b537a7a86aa2a2b86f52cb7bbe7ddd3d333465c27000000000000000040ac4dea00f84f0ffe26d62500e7046f24a2cd4d4d7a4f4e8eae2f281c56002c492fd4d569aecba5f7e5e6e9b1aa2a7923432f03fdfc734febf9e79e1e717d27aaaa945f50a8e9d34b75b4ec709f6ba533660d3aeed8d1324d2d9ea6c54b96ea8dddbb86f5ac6347cbb4eee24b357bee3cd99f7b4a9e93b3a3010000000000000000ce06a75f3b15c039e1a1e3e5ea0e85b42c2343774d2b91c560e8bd6694b4262b4b57e7e7f719f3727d9d8e7476282d31515f9b375fa996843ed7672727ebdfa64f1f756dbb5fdfa96834aac54b972b2727b7f7bcd3e9d4f215ab061db763c756757bba35a5a858eb2eb9548677bc93244d299aaa92e9a57dce55561c57c5f17259ad565d77c3cd4ab426f6b99e9292a20b162d19f53b0100000000000000008c074371e95c36ba0406e1edee524a5ae688c7198d46e51694f41e5b121265329a140c06140e8724493e9f472d8d356356eb5898e772e9be790be4b498d5150ca9bcbb539254ec702ac962d1df2a2bf5c0f1f23e63d22c167df7bc859aea742a1889e86867a7bce1b0f26d3665db6c3ae876eb9e37768fbab6f75c7685d6acbd58c1605065470e2b10f0ab74c62cd5549fd08c99b3e4f578f5dd6f7faddfb8e26925fae06db7cb66b3a9bdbd5dd527aa148946949d95a3ec9c1c3df18f47f4faae1d7dc6242527eb8e8fdeadacac6cf97c3e55541c97dfe7554a4aaa0a0a8bb46fcf9b7af4918747fd4e00000000009c8b323232d5dcdc14eb32000000ce6aedad4db2399c035e33a5a667dd37b1e500678f503020abcd31e27106a3499959f9329b2d329b2d321a7a26db9b4ca6de73d168449d1d6d635df2a834fafd7aa9a14e52546909899a627728352141cd7ebf5ea9afd7b375b5ea0a85fa8cf146227aa1ae4e9da19092cc6615daedcab5d9e40987b5a3a5597fabaa5493df3feadaca8f1d55674787d2d3335538a550ce6497f6ef794b2f3cff8c565db446dddddddabae5d57ee3dadbdab4e7ad37248394929aaafcfc42a5a6a6c9e3f168dbb6d7b4e78ddd0a86827dc604fc7ebdb97ba7bc5eaf1c4ea7f2f30b949d9da34824ac7d7bdfd2bf5edd242f4b4303000000007046ec76075b2e0100008c92cfeb91252161c06bcc00068670a633803171f2f2f3f5c94f7f5e47cbcaf4d003ec1b0e00000000c064c70c60000080d11b6a06307b0003382ba4a6a4ca6434f53967341ab57acd2592a4fdfbf7c4a22c00000000000000008049c5ec70ba625d03306979bbbb625d024e5a79d11a9d7ffe2255541c575b5babcc168ba6164d55466696ca8f1dd5ee77ede30b0000000000000000702e32c7ba0000188e23870fc9e54a514e5e9ea6954c57342ab5b434eac5e79fd16bff7a55914824d625020000000000000000c41c013080b342d991432a3b7228d6650000000000000000004c6aec010c000000000000000000007182001800000000000000000000e204013000000000000000000000c48949bd07f07d5ffb8ae6ce9d33e8f5c6c6267dfd9bdf527353f30456050000000000000000000093d3a40e80e7ce9da31b6fbe75d0eb37dd70bdbef1b5af4e78089c9494a43ffceed743d63690929269faeca73e254b82457f79f8afaa3a51ad80dfaf86c6467decce3bd4d9d9a9bf3ffad838550d00000000000000000020de9dd54b40fffdd1c7b469d3667de36b5f55466646accb39ad0f5c7b8d76eedaa54f7ff6dfb5e5b5adbafcbd976acdea8b625d16000000000000000000803831a967009ff2c8dffed2e7f89d336f4fcd98fdc6d7beaa4f7ff6df27b4ae917225276bf3e6577b8f7ffbbb3fc4b01a00000000000000000000f1e6ac08804fb7d4f2df1f7d4c37de78fdb0ee959494a4fff79d6feae8b172cd9d3b473eaf4f7f79f8af9a376faece5fb850469351bffbfd03dab5eb75656765e99ecf7f4e4ea743269349cfbdf0929e7cf2a93ef733994cfaf2bd5f547d43a37ef7fb3fc86834eaa61b6fd08a15cb64321af5f2faf57ae289a774e79d1f517171b1eebce323baf9e61b75fffdbfd6da35abd5d2d6a2279e78aa5f9d2b572cd7f5d77f40d644ab0e1e3ca4dffee101f97dbee17f6800000000000000000000ce3967f512d0672a3b3b5b2fbcf892feed139fd6faf51bf4e94f7d523b76f62ccdfcf8e3ffd4473e7c9b24a9b9a5553ff9d92ff499cfdda36f7ff77bfad0adb728c5e5ea73af3befb85d46a3490f3ef49024e9928bd769fefcb9fad2bd5fd6bdfff5ffe9bd975eaa39b367eb8107fea8e3c78feb81071ed27f7ee15e1d2b2f1fb4befcfc3cdd75d7c7f4831ffc589ff9dce765b3dbf4fe2bdf377e1f0800000000000000000080b87056cc007ef712d0ef74bad9c1833978f09024e9cd3d7bf4feabaed45b6fed9124edd9bb4f77dcfe114952381c5243438324a9a6a6565d9d5dcaccca547d7dcfb9f75d71b956ad5aa1cf7ceef30a85c292a45517aed4faf59be4f707e45740fbf71fd09c39b375e0e0c161d7b66ae50abdf1c69b6a686c9424eddaf5ba565f74a14eae760d00000000000000000000033a2b02e0330d798723e0f7f73b36187abe763a1cfad06d1fd4bc797365329964b3db64329a7afbde70fd75f2f97c9a5a54a4fdfb0f4892d253d374e38dd7e9da6bdedfdbafb6be7e4435a5a5a569e179e7e9173ffb49efb99a9a9a91be1a0000000000000000008073cc5911008fc70ce0e1b8f9a61b150c86f4f9fff88242a1b07efca3eff7b9fe939ffe4c494949bae3231fd2bd5ffe8a229188dadbdbf5f83f9fd4eedd6f9cf173dbdbdddab06993fef4a7ff1bed2b0000000000000000000038879c1501f07886bc4349cf485379798542a1b0727272e47225f7b9be77df7e49d21597bf576bd7aed1faf51bb475fb765d73f5fb75e8d061793c1e25252529120eabdbe319f2591eaf5729a92992a4ed3b76e8bfffeb4b7ae5950daaadad95d96c518a2b59cd2d2de3f3a21853d16854367b929cc929b25a1db258122449c16040deee4eb5b536281209c7b8cac1b92c165d5750a865e9e9cab659158e480d7eaf76b5b4ead9da5a35f87dbd7d17a4a4e8070bcf3fed3d3ffbfa2e9575764a92a6399cba7fc9128523115db979d388eb4bb524e82f2b57ca6030a8aabb5b77efdc71da310b525274555ebee6ba5c4ab658e4098574b8a353cfd7d7eab5e6e67efd93cc66dd5050a8651919cab5d9148e46d5e20fe868578776b5b66a7343a3828a8eb8f6d1723a9374ef7f7f6dc83e757535baff173f9da08a0000000000000000c064735604c0b19a01fcf7471ed3ed1ffe902ebae8c7aaacac5273d3c001ec837ffc93eefde217b475eb36bdf8e24b7225bbf483ef7d47e14844a15048bff9cdef74f848d990cfdab869b33effef9fd55d1fffa87efbbb3fe8a13ffe595ffcc23d32997a969c7efa9967f5e28b2f8ff93b62ec596d0ee51796489222d1a842c180a4a812121295986895333945b5278e2a180cc4b6d001cc4a4ed637e7cf57b225419e5048e55ddd92a4a90e876e2e2a92243d70bcbcdfb87024a2232703de8178c3a131ab714546860c27d7699fe27028df66538dd73b68ff8f4d9ba61ba7f4d4dee0f5ea80db2d97c5a225e9695a9a91aeafefd9a3edad6fff6ce75aadfac1c2f39569b5ca170aabaadb236f24ac1cab55ebb273b42e3b47fbdadd7d82f089120e8775a2aab2f738332b5b56ab556ded6deaeae8902435b7f40fb40100000000000000c0b9c330effc95133f8d6d981ef9db5f861df08ea42f305ccd0d354a49cb1cd118abd5aef4ac7cb5b735c9d3e55634daf323663659949d3f5556ab5d3e9f57355547c6a3e4339666b1e8374b97c969b1e89fd5d5fa7df9310522114992d920adceca56b2d9a2276aaa7bc79c9a01dc150ce9862daf0eeb39a39d01fccd790bb434235d755eaf726d36fdf6e8513d567d62c0be57e7e7eb53a533d4150ce9fb07f76b676b6befb51cab55779594e8e586066d7dc72ce01f9f7f81e6ba5cdad8d0a0ff293ba2aed0dbe17591dda16b0af2f597ca4a35bf6bfff058b8e3a377ab647aa99e7fee696d7975e49f250000000000b1909191a9e6e6a6589701000070566b6f6d92cde11cf09a71826b01e29ecfef554d5599ba3bdb7bc35f490a85836a6ae8092aad569bcc2797869e2cee98364d4e8b453b9a5bf4cba365bde1af2485a2d2fa86863ee16f2c584d462d4c4b513012d1832767222fcfc818b0afc36cd29dc5d324493f3d7cb04ff82b49f53e9fbeb57fbff6b4b5f59ecb4a4cd45c974bbe50583f3e74b04ff82b49959e6efdfcc8914911fe0200000000000000000c64522f017de0c08121977f7ea7fdfb0f8c7335c03045079f54eff779158d466530186436994f2e0f1d7b569351ab33b325498f5657c5b89ac12d4e4d5782d1a4b7dadab4b5b959817058739293956c36abe35d61ed9aac2cd9cc66d5783cfad700fbfc9ed21d7e7b3fe6b4c44449526b30a0e010df47000000000000000080c96a5207c05fffc6b7635d0230a64c664beffeb5c1d0e4087f25694652b2ac6693829188f6bbddb12e6750cb4ecef6ddd9d2a24024a23deded5a9c9eae65e9e97aa9a1a14fdf05ae5449d29bed6dfdee3398065fcf5ec23956ab662625eb7067c718550e000000000000000030312675000cc49b6457ba24c9d3dda5f0bb66acc65281dd2649aaf779159ea4335f8d9296a5f57c7ea79673ded9dad213006764f40b800b1d764952b5c73bec67b40582dad6dca4e51999fac1c285dad0d8a09d2d2ddaef76ab3d181c70cce5575ca55517ad19d6fd6baa4fe857f7ff7cd8f50000000000000000008c140130304112126d4a4dcb52241a514b734daccbe9c369b64892ba43e1d3f41c64bcc5ace7d7ae1bf0dac395157ae8f8f133aeed947929294a4eb0a8c1e753a5a75b92b4eb6410bc282d4d1683a1cfb2cd4e53cfafb7aed0c0c1ed607e72f8b0be68346a715aba2ecfcdd3e5b97992a4e35d5d7ab9a15e4fd5d4f4d91fb9adad559515c37bbfa6e6a611d5020000000000000000305204c0c004309acccac92b92d1685463fd0905fcbe5897d487e1641b3dc3d9bfe14844473a3b07bcd6e4f39f61557d2d4fef59fe79574b4befb91aaf57351e8ff2ed762d4c4ded9d192c493ab9d4b6def54a774d2bd1f553a6f41ed77abdfae8f66dbdc7ee60505fd9b347a54949ba303d43f3525355ea74aad8e9d45dcee9ba2c27475f7af34db94fce08debeed356ddff6da98bc230000000000000000c068110003e3cc60342a377f9a2c9644b5b634a8b3a3f5f483265857b067396aa7e5cc7e2578c311ddf3c6eeb12ca99fe5a7f6ff6dedfbf9ed6a6d55beddae15e9197dae758582ca96550e73df77aaf17af5466babec66936626bb067d5e5967a7ca3a3ba58ae34a341ab522234377974c5791c3a98f974cd78f0f1d1c93f79a317396962c5bd9effcd3fffc87dceef631790600000000000000003877100003e3c960506e7e89ac569bdcedcd6a6ba98f7545033ae1f14892b2ad56990c8649b70f7091dda13c5bcf3ec5d716e4eb8abcdcde6b998989927a02e29f1f39dc3bf3b7badba3126792724f8e3be5d9ba5a3d5b57ab59c9c9fae9058b86f57c7f24a28d8d8dea0c86f49df3ced38a93b3912569f98a0bb5f0fc0b86759fc6a646fde391bff639979a9aae59b366f7ebfbf20b56b9ddc3ba2d0000000000000000402f7377170903302e0c06e5e64d93cd665787bb554d0dd5329c5a96789229ebec50201c5682c9a4b92e97f6b44fae99a7a766ff4ad2c2d4b401fba425266a66b24b873b3b2449fbdd6eadc9ced682949431aba3ece432d74e8b591619145454292929ca2f283ce37b6edfb645dbb76d19ab120100000000000000c0398e19c0c038c9c92d92dde1546747bb1a1b4e4cdaf05792bc9188363735e93d3939babea070d205c02b4e06c03f3f7c58cfd6d5f6bbfeb5b9f3b4323353cb33d27b03e08d8d0dfa7849898a9d4e2d4c49d59bed6da77f50342aa3c1a0c820970bed3db389bb8221054f6e2efcfc734febf9e79e1ef94bc5485a5aba121213158944d4d8303967a403000000000000008033678c750140bc894acace2d92c3e95257975b8df5959abcd1efdb1e3a5eaeee5048cb323274d7b41259de11581b25adc9cad2d5f9f9135e57aa254133939224493b5b5b06ecb3bda55992fa2ccddc110ae9ff2a2b24495f9a3d47b39393fb8c39b574f43bd94c26fd7ae9525d929d2d8ba1efafc7029b4d9f9d315392b4f5e4f3ce46d75e7fa33efdd97b74f7273f13eb520000000000000000c03860063030c692925c7226f52c3b6c3627287f4ae980fd5a5beae5edee9cc8d286d4e4f7ebeb7bf7e8be790b74fd94297a6f6e9eca4fd657ec702ac962d1df2a2bc7ec7926a3513f1962efdc239d9dfae5d132adc8c890c160d0f1ae2e35f9fd03f6ddd1d2aa6834aaa94ea772ac56d5fb7c92a4bf5755293bd1aaf7e5e7eb27172c525577b79afc7ea5272468aad329a967a9e8772ab43bf4c5d973f4ef33c23adedda5ae50586909092a723864341854e3f1e8816347c7e85318199bcdae0fdffed1dee3ccac6c49d2b215ab3477ee7c4952734b73bf7d860100000000000000c0b983001818736fcf9cb55a6d83f6329b26df8fdf3eb75b77eddca6eb0b0bb5342d43339cc98a28aa469f4f2fd6d5e9f901965f1e8dd92ed7a0d77ce1b02469f9c959bd3b5a069efd2b496dc1808e74766866b24bcbd333f4444db5a49ed9d83f2f3ba22dcdcdba322f4fb35cc9cab5d9e40985b4b3a545cfd5d5eab5e6b767f37a2311fdc7eedd5a9191aef929a9ca4ab4aac499205f38ac239d9ddad6dcac7f569f903732d822d1e3cb6432a9704a51bff3a929a94a4d499524992d93efcf150000000000000000983886e2d2b9d15817014c56deee2ea5a465c6ba0c000000000080b8919191a9e6e6a6589701000070566b6f6d92cde11cf01a7b0003000000000000000000409c200006000000000000000000803841000c000000000000000000007182001800000000000000000000e204013000000000000000000000c409026000000000000000000000881304c0000000000000000000001027088001000000000000000000204e100003000000000000000000409c200006000000000000000000803841000c000000000000000000007182001800000000000000000000e204013000000000000000000000c409026000000000000000000000881304c0000000000000000000001027088001000000000000000000204e98635d00106fa2925253329568772821215126b345068341a160505e4fa7da5b1b150a05635d26000000000000000000e210013030c60c06a3d2b3f22449e17058e1504892643627c89592a1a4e454d55697cbeff3c4b24c000000000000000000c421026060ac45a36a6c38214f77a7c2ef98e96b301a959955a0a4e45465e54c51d5f18332180c312c14000000000000000000f1863d8081311755a7bbb54ff82b49d148444d0dd58a46a584844459121263541f000000000000000000e215013030d10ca71a66ff020000000000000000606cb1043430410c46a332b20a6490140c06150cfa635d12000000000000000000e20c0130308ed233f39468b5c96834c9624994d16854281c56635d65ac4b030000f8e48c9b0000200049444154000000000000401c220006c651a2d5269bcdd97b1c08f8555f739cd9bf000000000000000000181704c0c038aa3d714c9264349a65b5d9959691ab82a2196aacaf5277973bc6d501000000000000000020de18635d00702e884442f27477a8aefa98a2d1a8b272a6c864b6c4ba2c000000000000000000c4190260600285c321793c5d321a8d7226b9625d0e000000000000000000e20c013030d1a2114992d99c10e342000000000000000000106f08808109643048569b4392140e06635c0d000000000000000000e28d39d60500f12639254306499d9ded8a8443bde78d26b332b30a64b12428128daaabab3d7645020000000000000000202e11000363cc6cb628352d4b1959f90a06030a8743329accb2982d32180c8a46a36a6ea85628c40c600000000000000000008c2d0260608c75ba5b14894464b73b65b6242821c12619a20a8582f27abae46e6f52c0ef8b7599000000000000000000884304c0c0180b06036a6f6d507b6b43ac4b010000000000000000c039c618eb0200000000000000000000006383001800000000000000000000e204013000000000000000000000c409026000000000000000000000881304c0000000000000000000001027088001000000000000000000204e100003000000000000000000409c2000060000000000000000008038618e75010062cb9c608d75090000000000e01c624a48e4ef23000000c611338001000000000000000000204e100003000000000000000000409c200006000000000000000000803841000c000000000000000000007182001800000000000000000000e204013000000000000000000000c4090260000000000000000000008813e65817009c2beefab74f694a51b124e93bdffcaa7c3e5f8c2b1a5adafc75ca597eadace905325912244995cffd4a8dbb9e1974ccc2fffc3f59ecc9dafd835b14f6770fd867f69d3f92b360669f73e54ffc582d7b378e59eda798ed2ea5cc5c2667fe4c390b66c99a512883c170daf7880587d3a9cb2ebd5cd34a4a64b7db65341ae5e9eed60f7ff8bd41c72c59b24cefbbf22a6ddbba552fbcf0ec807d4a4a4af5a10f7fa4cfb9d6d616fde2e73f1dd3fa4f993ab55853a716aba0a04079f905b2d96ca77d0f0000000000000000307608808109b06cf9aadef0f76ce09c3257d3aeb94791905feeb21d0a7a3b2549dea6aa51dfbbf9ad97d571fc2d4992ab74b11c39d3467dcfc1b84ace57f1559fed3d8e46a3e3f6acd1baeefa1b34adb8447575752a3b7258e14844814060d4f76d6b6bd5e6cd9b24498909095ab67cc5a8ef3994f75f7d8dd2d2d2254deecf1b00000000000000807845000c8c33972b4597bef70aedd9f3a6162c5818eb7286256dd62a190c069d78e90f6a7afdb9618fabd9f027192c098a84060f2e9b763fdffbb5c59932ae0170a0b3550d3b9f5657f54175551fd6d4f77d52ae9245e3f6bc3365b3da34adb8441d1d1dfadd6f7fa5482432ac715555157afef967555f5737689fd6d6166d58ffb22429393979dc03e0b2b23275b877a9bae6848c06a36ebfe3a3e3fa3c0000000000000000d017013030cede7fcd75f2f9bcdaf0ca8b674d009ce0ca9024f9db1a4734ee9de1ee64d059b1479d157b625dc66925bb5c92a40eb77bd8e1af24353434a8a1a161bcca3a23cf3ff7f6d2da05050531ac04000000000000008073130130308ece5b788166ce9aadbf3dfca73159ce773c2dbce78fb23853fb9c9b79db7d7d8e07da3b77c9579fea77afa1f6001e0d8b2b43b92b6e544ac905b224a729120ca8b3faa0eab63caaee1307c6fc7976bb5d76bb5d92d4dedeae50283466f75ebc7889aebceaea3ee70a0a0bf5f5fbbed57b3cd0deb96bd75eac356bd7f53937d41ec0a3b560c1793afffc45cacec991c562565b5bbb0eecdfa72d5b5e5530181c97678e4452529296af58a9e9d36728253545e150582d2dcd3a7860bfded8bd5b5e9f37d625020000000000000030a10880817162773874c59557eb685999f6edddd33bcb73b2aadffab88c89364952da9c8b64cb2850f39e8df2b7bfbdbc70576d59bf71359b1feefd3a67f9753225248e4b7dce2973557af35764b63ae56bab93fbe86e599ca94a295924d7b40b54fec48fd476e05f63facca54b97f786adbffdf52f555b573b66f7aeada9d1a68d1b24490ea7538b172f91bbc3ad3777efeeed33d03f1aa8a8382e6decf93a2f3f5fa5a533c6aca67732180cbafe869b3477ee3c050241d5d6562b10082837374f6bd6ae53c9f4e97ae8c13f8c69283e52538a8a74cb2db7c966b3a9a3a343e5c78e291a89282b3b47975e76b9bc3e9fded8fd7accea030000000000000020160880817172e555d7283131514f3ff578ac4b1996fa6d6fd769cf2a962da3402d7b37aaa37ce800ad76d35f7abfce5a7ce5b804c0267bb2a6dff86599ad4e55bef85b356c7f528693d792a6ccd38cdbbea9e2ab3eab8ef23715f6758df9f3c7436d5d6d6fa09c9d93a3c58b97a8d3dda18d1bd70f39aea2e2784f082c69c99265e31600af59b34e73e7ce537d7d9dfef6d787d5dede2649b2582cfac0753768f6ec395abd668dd6bff2cab83cff74ec76bb6ebee983b2d96cdab46983366fdad867f9ecd2d252a9f74f090000000000000000e70e63ac0b00e2d18c99b3b4e0bcf3f5daab9bd4d2dc14eb72ce7a598bae90c5ee52cbfe57d5f88ef057923aabf6a9e98d97644ab42b6ddeea98d5184f122c162d5fbe5292f4d8a38ff686bf92140c06f5cc334f291289e8fc0b96c4aa442d5ab4447687435527aab471c3fa7e7b27979595a9acec488caa0300000000000000207698010c8cb1848444bdff9aebd5d6dea68d1b63333b32deb8a65d20496a3bb865c0ebdd3507a525ef932377bac6326edfb871fd6967e4c6a38282294ab426aab1b141cdcd8dfdae777775a9bdbd4d6969e94a76b9d4e1764f788dd34a4a2449bb5fdf35e1cf06000000000000006032230006c6d865975fa1949414fde5cf0f2a180cc6ba9cb890e0ca94244dbfe1bf86ec67b6264d4439712f39a567bfeaacac6c7dfdbe6f0dd9d766b3c5240076b95224496d6dad13fe6c000000000000000026330260608ccd99375fa170584b96aed092a52b7acf9bcd6fffb8dd72eb47148944f4d4938fabadb52516659e951a763ead90b773d0ebbe96ea09ac26fe353434e8d0c10343f6f174754f5035038b46a3317d3e0000000000000000930d0130300ecc26934a67cc1cf47ac9f45249526262e2449534390d33bc0b763429d195a9d603afaaab6ae84012831b6e587a6a466fb7a76bd22e81ddd1e1566a6aaad2d2d275a2aa2ad6e50000000000000000306910000363ec07df1d78c9dc64974b5fbcf72b92a4ef7cf3abf2f97c1359d6a414f47448924cb6a1976e761f7f4bcec2394a9db57242036087d329a7d329496a696e5628149ab0678f078fc7a34824229bcd3e64bf13d5271408f85558502487d3a9eeaeae09aa50cacec99124f97d7eb5b7b70ddaaffcd83115154dd5a20b16e9ad37df98a8f2000000000000000098f48cb12e00c0b9cbdb5421494a9bb952320cfeeba871e7330a79bb94b5f82a652dbe523218fa5c37599dca5a7ca512d30bc7b4be258b97ea139ff8b43ef1894f2b2b336b4cef1d0be170586d6dadb2d96c9a565c3268bf6020a06ddbb6c96231ebe65b6e556a6a5abf3e0505055ab66cf998d778eaf3bee28a2b87ecb76bd74e793c1e154e29d29ab5eb6478d79f89c22953346ddae0ef080000000000000040bc620630803396b5f84a991daede63a3b96749eb9c5537281a0ef69c8c4454fbea5f071cdf76708bbcab6f55d2d4799a7bd7cfe469382e4523eaacdca7e6b75eeeed17f2b875f491ef6afa4dffada22b3ea1dc95d7abbbb14211bf4789293972e496c86032ebe0835f92ff1d5b2a9bac4ecdf8e07dbdc7d68c7c4952f68a0f287dfe3a4992a7fea82a9ffbd5587c1ce32e2b2b4b73e6cceb3dcecbef799f828202ad5d7b71eff9e3e5e5aaacaa18f01eaf6edea46b3f70bd6ebef5561d3b7a547e9f5f92f4e20bcfc9ebf3f6f6dbb471bd3232323467ce5c7dead39f557d5d9ddadbdb949090a89cdc5c252727abbcfc98b66fdfd6e7fe2b575ea8d9b3e74892121213244989569b3ef6b1bb7bfb3cfbecd3aaabab1dc52721793cdd7ae4ef7fd54db77c506bd75eacf3172e5275cd0945a351656666293b3b5b4f3ef9c4a89e0100000000000000c0d9880018c019cb5a72956c1905fdcee7adbaa1f7eb48383c68001c0d8755f697fb5478e9c7945cbc40f6eca93de723e13e01b0247556eed5fe5f7f4ed9cbaf91abe40225172d90a211053a5bd472e05f6a3fb25ddd75c7fa8c31982d7216f4df8bd99a922da564f73c2b141cd13bc7526666b6d6ac5dd7ef7c4161a10a0adf9efd1c0e87070d80df7aeb4d2524246ad9f2e59a3163a64c26932469c38697fb04c09148448ffcfdaf9a3b6f9e162ebc40b97979cacdcb93c7e3517b5bab5e7f7da70eecefbf1c776a5a5a9f5a24c96432f63937567b5f57541cd7afefff5f2d5fb952d3a797aab474a6c29190da5bdbf4ca2b2febd041f68b06000000000000009c7b0cc5a573a3b12e0298acbcdd5d4a49cb8c7519e3ca9c608d75090000000000e01c929e91a196e6e6589701000070566bae3f219bc339e035f60006000000000000000000803841000c000000000000000000007182001800000000000000000000e204013000000000000000000000c409026000000000000000000000881304c0000000000000000000001027088001000000000000000000204e100003000000000000000000409c30c7ba0000b1150af8625d020000000000388784037efe3e020000601c31031800000000000000000000e204013000000000000000000000c409026000000000000000000000881304c0000000000000000000001027088001000000000000000000204e100003000000000000000000409c2000060000000000000000008038618e7501403cca9f522aabd53ee8f5fada4a7577b54f6045c0c4733a9374f91557a9647aa9ec0e878c46a33cddddfa7fdfb96fd031cb96afd255575fabd7b6bcaae79e7972c03ed34b67eaf63b3fdee75c4b4bb37efae3ef8f65f9bd8a8b4b543cad448553a6283f7f8a6c76db69df23de389d49baf7bfbf36649fbaba1addff8b9f4e50450000000000000080c1100003e3c8eff7291a8df43b1f0e8762500d30b16eb8f9832a2929556d6d8d0e1f3ea84838a240c03feafbb6b5b668e3865724498989095ab1f2a251df7328d75c7783d2d3332449d168745c9f355985c3619da8aaec3dceccca96d56a555b7b9bba3a3a2449cd2dcdb12a0f00000000000000f00e04c0c0386aaaaf92dfef8d7519c084b3d96c2a29295587dbad5fdfff734522fdff21c4402a2bcaf5ecd34faaaeae66d03e2d2dcd7ae5a5e72549c92ed7b807c065870f6b977bbb4e9ca894d160d447effac4b83e6f32f27a3dfacdaffea7f7f88e8fdead92e9a5dabe758bb6bcba2986950100000000000000de8d00180030e6925d299224b7bb7dd8e1af24d5d7d7a9bebe6ebcca3a23cf3cfd44efd78585536258090000000000000000a747000c20ae154d2dd6c5975ca6fc8242452211555694ebb9679ed20d377d5085538af4bfbff889eaeb6afb8db3582c5ab274b9e6ce3f4f99995932994c6a6b6bd1d1b232edd8f69a5a5b5b067cde9c79f3b568d152e5e517c86ab5aaa3c3adea1355dab97d9b2a2acac7fb758794949cac95ab56ab74c64ca5a6a629140ea9a5b959fbf7edd1ee5d3be4f58e6eb6fa9265cb75f535d7f7395738a548dffaee0f7b8f07da3bf7e24b2ed3ba4b2eed736ea83d8047ebbc851768d1e2a5cac9c99325c1acb6d636eddbfb965eddbc41c160705c9e3912e3fd7d0200000000000000c4370260601cb95233653499653448c160405d5d1df274b9653018625dda39a174c62cddf6e13b65321955537d426d6d6d2a289ca28fdffd29f9fdbe41c7252525e9f63bef56764e8efc7ebf4e5455c8e7f529352d4d2b565e28a7c3a9471f79b8cf1883c1a01b6fbe55f3172c54381c564d7595dc6eb71c0ea766cd9ea7a2a9c5fad1f7bf33deaf3ca8a2a9c5baf5c377c86eb3abc3edd6b1a3658a44c2cacec9d3e5575c259fd7abd777ed18d5336aaaabb5e1959724494e6792962c5b2eb7bb5dbb77edeced130804fa8d3b7efc98d4b3a5aff20b0a3563e6ac51d5311883c1a09b6ef990e6cd5fa04020a89aea2a05027ee5e6176add25976afa8c99fac36f7fa550287621f0447c9f0000000000000000f18d0018184749c9a9bd5fdb2425bbd2d5dddda1fada0a291a8d595de70293c9a46b3f70834c26a39e79fa096d7b6d8b24c96c36ebb60f7f54d34b4b071d7be32db7293b2747870f1dd4638f3cdc67c665666696a695f41fbbeee24b357fc142b5b6b6e8cf0ffd414d4d8dbdd7ec36bb96afba700cdf6e64ec76bb6ebded76d96d766d58ff9236ae7fb9cfb2cc3366ce9434fa7f94505b53adda9a6a49524e6e9e962c5bae0eb75beb5f7971c871c7cb8fe978f93149d2b2e5abc62d005e77f1a59a377f81eaea6af4973fff51ed6dad927a667b5f7fd3073577ee7cadbdf862bdfce20be3f2fcd399a8ef130000000000000020be19635d00108f3cdd9daaafad5065f9019597ed5155c521b534d7291289c8e14856567641ac4b8c7b3367ce56b2cba5baba9adef0579242a1909e7b76f0a585a7144d557171897c3e9ffef1d8dffa2db7dbd4d4a8eddbb6f43967365bb472d54592a4a79e78ac4ff82b491eaf47eb5f1e3a041d4f4b96ae90dde150556585d6bffc62bf3d798f1c3eac23870fc5a8ba899190f0f6f7e891bf3edc1bfe4a523018d4d3ff7c5c9148448b162f8f55897c9f00000000000000006382001818076d2df5eaee722b140a2a1a8d2a18f0abbdb5518df5272449cea43499cc96185719df0a8b8a2449478f1ce977adb1a15e9d5d1d038e2b99de33bbf7e0fe7df274770fef5985539468b5aabdad55478f969d61c5e3e7d43beddab93dc695c44e61e154255aad6a68a853535343bfeb5d5d9d6a6b6b95d3e994cb9512830af93e0100000000000000c6064b400313a8bbab5dc1609e2c168bec76a73a3bda625d52dc4a72264b923a3add035eef7477f6f679a794949e65bb5b5b5b86fdac94949ec0b06504634663c6cc595ab26c65bff34ffff31f72bbdbfb9d3f93778a37ae93dfa3ecec5c7debbb3f1cb2afcd6e1ff0731c6f13fd7dba68cd3a4d292aee73ceeff3ead1bf3f3cc80800000000000000c0d98000189860a1a05f168b4546133f7ee3eaff67efce62ecbceb3b0effce9c339e39335e66f132637b6ca76149b0935649c39280044470d345140a94ad202e502b885a2454a9123755a55e566aa5566a2faa8aaa88454d5b44295ba0858684442c0252b624de426227137b56cfe29933bd4862ea8ee386309e13be799e1b6bce7b96df3baf8f64e9e3fffb7f72abd4a7db6ab9d9bafc0d10d69ecd1ecd9bb4adf3f0f0685d73cdb5eb1effe2e7fa6bfad2bdbbaa9ee53985397dea54fdf77ddfbdec73e6e7e636699a4bdbacebb46fdfc4babf47cf74d53b0000000000cf5d0a146cb266eb89afddffdddf938d35373b5b5555dbb7efb8e4f1addbd6affeadaa0b2b3f4747773ee3cf9abaf09ad19f65c467edeb77dfb96e1fe2cb999e9eaae191911a1ddd59278e1fbb728375c1338da54f5dd7b9f9d9fad21ddddb8ff97236fb3a7deca31fb9e29f0100000000c0e6b307306ca22d7dfdd5bba5bfaaaa9616cf75799a6c274f1cafaaaaabaf7ec1ba63fbf64dd4e0c0e0255ff7c0937bf85e7bf8480d0c0c3ca3cf7ae8e4895a5a5aaaa1e1910bfbb83e973c754ebf7ad34bbb3cc9c63b373f5f9d4ea706da97be9e4f3979e2782d2d2fd58103876aebd66d9b34dd13c6c6f7d6d8f8de1a1a1eb9ecf392af5355d5c8c8688d8defaddd7bc6ba3d0a000000004034011836d8e0d61db56dfb70351a177fbdfafadab57bec6035aa6a6161ae969716ba33e0f3c40f7ff8fd9a999dad7dfb27ea861b6fbaf0784f4f4fbdfad6d73dedeb8e1f3b5ac78e3e58fdfdfdf5c6df7e6bf5f5f75d747c6868e8a2f7abaa3a7ffe7cdd75e757abaaead77ff38db573e7ae8b8e6fd9d257b7bcead53fe7193d7bf7dc7357cd9f9baf0307afaad7dcfaba6a341a171d3f70f0d073325c3f13ababab75e6cce3d51e68d7d5573ffd392c2f2fd75d77fe57f5f6f6d6dbdef9ee1a1959bf5a7b62e240bdfce65b367cc6f7dff6c17aff6d1fac5ffb8d375cf679c9d7a9aaea0d6f7a73bdffb60fd6fb7eff03dd1e0500000000209a5b40c3066bf5f6d5ce5de3b56bac6a65e57cadaeae54abd9aa56abb7aaaa969797eaf423c7bb3c65be959595fad7db3f516f7fe77beab7def496fa951b6eacb38f3f5e13070e556b4b6f9d3e7daaf6ec19bbe426c19ff8f83fd67bdefbbe7af1352fa90ffdd187ebd8b1a3b5b4b8504343c3b57fe2607def3bdfae6f7ee3de8b5ef3e52f7da176edde53878f5c571ff8830fd58913476b666aba060607ebc08183b5b8b458777ef53f36e9ec2f766e7ebe3efed17fa8b7bde3ddf5da5b5f5f37dcf8d27ae8e489eaac756acfeeb1da333656ff72fb27bb32db9e3d6375f8c8f5177edeb77fa2aa9e88b1afbdf5f5171e7ff081fbebd8b1072ff91e5ff9f21df5c637ff4ebdfd5defa9fb7ffca35a5a5cacaaaa7fffcca76a61e1a7ffd1e2cb777cbe76edda5d878f5c57b7fde187ea91877f5267cf9ead2d7d7db5777c6f6ddfb1a31eb8ffc775f7d72ebebdf62b5ff5ea7ac9e1235555b5a56f4b5555f5f5b7eb7dbff7d390f9e94ffd733dfcf04f7e9e5fc573fa3ab5db03f5ae77bff7c2cfbb76efa9aaaa97bde2963a7cf8baaaaa9a7c7cb26effe4c7ba321f00000000003f2500c3065b383753d3535baa3d3058cd9e5635b7f457adadd5d2e2b99a9b9daea9a9c9aa35fbff6e861ffdf007f5f77ff7b7f5da5b5f5f7bf7efaff1f17d75f4c107ea33fff6a97adb3b7eb7aaaa969697d7bd6e7666a6fee6afffa26e7ad9cd75f8c8f575e8d055d56c366b7aea6cdd7bcf5d75f75debf7dfed743af5b18f7ea48e5c777ddd70e34b6befbefd353171b066e766ebfefb7f5cf77cfd6b57fc7c2fe7e8830fd45ffde59fd7cdaf7c55bdf045d7d48b5e7c6dadaeaed4d93367ea0b9fff6c7dffbeef7565aeddbbc7ea359758913d71e0604d1c3878e1e7d5d5d5a70dc0dffad6376a4b5f7fbdfce65beac5d75c5bcd66b3aaaabef8c5cf5e14802f5ca3eb7fb96eb8e1a6dabb6f7f8defdb5f0bf3f375f6ece375efbd77d77ddffdeebaf71f1919bd6896aaaa66b3e7a2c7fafafb7fb6137f1acfd5ebd46c36d7fd0eaaaa8687866b7868b8aaaa5abdfe490100000000f05cd0b8ea8587d72f7f03aaaa6a617eae864676fdff4fe4174aa3d1a83ffef09f54b3d9aa3ffbd30fd7eaaa200f0000009b65e7ce5d3539f958b7c70000f8853675e6b16a0f6ebde4317b0003b1060607abdd6eaf7bfce5af7865b5dbedfac1f7ef137f01000000008028eed708c43a74d52fd55bdeface3a79e2584d4e3e562b2b2b3536beb70e1dbaaa66a6a7eb739ffd74b747040000000000d850023010ebd153a7ea3bdffe66ed9f3850e3e37babd96ad5cccc74ddfdb53beb2bff7947cdcece767b440000000000800d250003b126271fabdbffe9e3dd1e03000000000060d3d803180000000000002084000c0000000000001042000600000000000008210003000000000000841080010000000000004208c00000000000000021046000000000000080100230000000000000400801180000000000002084000c00000000000010420006000000000000082100030000000000008468757b0048d6df3f58db877755bb3d503dcd56adaeaed4f2d2624d4f3d560bf3b3dd1e0f0000000000803002305c214323bb6b74e7785555adacaed6f2d262b55aad1a18d8569dd51501180000000000800d2700c3153030b0ad46778e57a7d3a9474f9facb999b3d56834aaaaaad96a55ef96be2e4f08000000000040220118ae80e12757fe3e7afa64cdcf4e5d88bf5555ab2b2bb5bab2d2add100000000000008d6d3ed01204dabb7affafbdb75fefc72cdcf4e757b1c0000000000009e47ac00860dd6dfdfaeaaaa73e7e6aaaa515bb70f557f7bb01ad5a8e5a5859a9d99aa4ec70a60000000000000369e000c1bacb7f789fd7d5757ced7de891754bb3d70d1f1919d6375eae1e3b5706eb61be3010000000000104c00860dd6683e7167f5ed3b46ab1a8d3afdc8b19a9f9fad66b35543c3bb6bc7d068edd97bb04e1cfd417556ad0406000000000060e3d803183658a31a5555d56ab56af2f4899a9b9daeb54ea756ce2fd7e4a30fd5d2e2b96af6346bc78e912e4f0a0000000000401a01183658a7d379f2cfd59a9b9d5e777cf6c9c7fada839b3a17000000000000f90460d860ab4fded6796565a51a8dc6fae32bcb5555d56cba033b0000000000001b4b00860db6bcbc5055553d3d97fe7af5f434abaa6a6dadb36933010000000000f0fc2000c3065b5a98af4ea753ad566ff5f6f6ad3bfed4ad9f979716377b34000000000000c209c0b0c1d6d6aa6667ce5455d5ae3dfbaaf1bf5602f7b7b7d6d66d435555353b73b62bf301000000000090cb26a470059c997ca4da03dbaa3db0ad0e1ebab61617cf554fb355fded816a54d5d499c76a69f15cb7c7040000000000208c000c5740a7d3a9878effa8864777d7e0d6a16a0f6ead5a5babc585f99a997abce666adfe05000000000060e309c07085acad75eacce4a93a3379aadba3000000000000f03c610f6000000000000080100230000000000000400801180000000000002084000c0000000000001042000600000000000008210003000000000000841080010000000000004208c00000000000000021046000000000000080100230000000000000400801180000000000002084000c0000000000001042000600000000000008210003000000000000841080010000000000004208c00000000000000021046000000000000080100230000000000000400801180000000000002084000c0000000000001042000600000000000008210003000000000000841080010000000000004208c00000000000000021046000000000000080100230000000000000400801180000000000002084000c0000000000001042000600000000000008210003000000000000841080010000000000004208c00000000000000021046000000000000080100230000000000000400801180000000000002084000c0000000000001042000600000000000008210003000000000000841080010000000000004208c00000000000000021046000000000000080100230000000000000400801180000000000002084000c00000000000010420006000000000000082100e2313bf1000020004944415403000000000000841080010000000000004208c00000000000000021046000000000000080100230000000000000400801180000000000002084000c0000000000001042000600000000000008210003000000000000841080010000000000004208c00000000000000021046000000000000080100230000000000000400801180000000000002084000c0000000000001042000600000000000008210003000000000000841080010000000000004208c00000000000000021046000000000000080100230000000000000400801180000000000002084000c0000000000001042000600000000000008210003000000000000841080010000000000004208c00000000000000021046000000000000080100230000000000000400801180000000000002084000c0000000000001042000600000000000008210003000000000000841080010000000000004208c00000000000000021046000000000000080100230000000000000400801180000000000002084000c0000000000001042000600000000000008210003000000000000841080010000000000004208c00000000000000021046000000000000080100230000000000000400801180000000000002084000c0000000000001042000600000000000008210003000000000000841080010000000000004208c00000000000000021046000000000000080100230000000000000400801180000000000002084000c0000000000001042000600000000000008210003000000000000841080010000000000004208c00000000000000021046000000000000080100230000000000000400801180000000000002084000c0000000000001042000600000000000008210003000000000000841080010000000000004208c00000000000000021046000000000000080100230000000000000400801180000000000002084000c0000000000001042000600000000000008210003000000000000841080010000000000004208c00000000000000021046000000000000080100230000000000000400801180000000000002084000c0000000000001042000600000000000008210003000000000000841080010000000000004208c00000000000000021046000000000000080100230000000000000400801180000000000002084000c0000000000001042000600000000000008210003000000000000841080010000000000004208c00000000000000021046000000000000080100230000000000000400801180000000000002084000c0000000000001042000600000000000008210003000000000000841080010000000000004208c00000000000000021046000000000000080100230000000000000400801180000000000002084000c0000000000001042000600000000000008210003000000000000841080010000000000004208c00000000000000021046000000000000080100230000000000000400801180000000000002084000c0000000000001042000600000000000008210003000000000000841080010000000000004208c00000000000000021046000000000000080100230000000000000400801180000000000002084000c0000000000001042000600000000000008210003000000000000841080010000000000004208c00000000000000021046000000000000080100230000000000000400801180000000000002084000c0000000000001042000600000000000008210003000000000000841080010000000000004208c00000000000000021046000000000000080100230000000000000400801180000000000002084000c0000000000001042000600000000000008210003000000000000841080010000000000004208c00000000000000021046000000000000080100230000000000000400801180000000000002084000c0000000000001042000600000000000008210003000000000000841080010000000000004208c00000000000000021046000000000000080100230000000000000400801180000000000002084000c0000000000001042000600000000000008210003000000000000841080010000000000004208c00000000000000021046000000000000080100230000000000000400801180000000000002084000c0000000000001042000600000000000008210003000000000000841080010000000000004208c00000000000000021046000000000000080100230000000000000400801180000000000002084000c0000000000001042000600000000000008210003000000000000841080010000000000004208c00000000000000021046000000000000080100230000000000000400801180000000000002084000c0000000000001042000600000000000008210003000000000000841080010000000000004208c00000000000000021046000000000000080100230000000000000400801180000000000002084000c0000000000001042000600000000000008210003000000000000841080010000000000004208c00000000000000021046000000000000080100230000000000000400801180000000000002084000c0000000000001042000600000000000008210003000000000000841080010000000000004208c00000000000000021046000000000000080100230000000000000400801180000000000002084000c0000000000001042000600000000000008210003000000000000841080010000000000004208c00000000000000021046000000000000080100230000000000000400801180000000000002084000c0000000000001042000600000000000008210003000000000000841080010000000000004208c00000000000000021046000000000000080100230000000000000400801180000000000002084000c0000000000001042000600000000000008210003000000000000841080010000000000004208c00000000000000021046000000000000080100230000000000000400801180000000000002084000c0000000000001042000600000000000008210003000000000000841080010000000000004208c00000000000000021046000000000000080100230000000000000400801180000000000002084000c0000000000001042000600000000000008210003000000000000841080010000000000004208c00000000000000021046000000000000080100230000000000000400801180000000000002084000c0000000000001042000600000000000008210003000000000000841080010000000000004208c00000000000000021046000000000000080100230000000000000400801180000000000002084000c0000000000001042000600000000000008210003000000000000841080010000000000004208c00000000000000021046000000000000080100230000000000000400801180000000000002084000c0000000000001042000600000000000008210003000000000000841080010000000000004208c00000000000000021046000000000000080100230000000000000400801180000000000002084000c0000000000001042000600000000000008210003000000000000841080010000000000004208c00000000000000021046000000000000080100230000000000000400801180000000000002084000c0000000000001042000600000000000008210003000000000000841080010000000000004208c00000000000000021046000000000000080100230000000000000400801180000000000002084000c0000000000001042000600000000000008210003000000000000841080010000000000004208c00000000000000021046000000000000080100230000000000000400801180000000000002084000c0000000000001042000600000000000008210003000000000000841080010000000000004208c00000000000000021046000000000000080100230000000000000400801180000000000002084000c0000000000001042000600000000000008210003000000000000841080010000000000004208c00000000000000021046000000000000080100230000000000000400801180000000000002084000c0000000000001042000600000000000008210003000000000000841080010000000000004208c00000000000000021046000000000000080100230000000000000400801180000000000002084000c0000000000001042000600000000000008210003000000000000841080010000000000004208c00000000000000021046000000000000080100230000000000000400801180000000000002084000c0000000000001042000600000000000008210003000000000000841080010000000000004208c00000000000000021046000000000000080100230000000000000400801180000000000002084000c0000000000001042000600000000000008210003000000000000841080010000000000004208c00000000000000021046000000000000080100230000000000000400801180000000000002084000c0000000000001042000600000000000008210003000000000000841080010000000000004208c00000000000000021046000000000000080100230000000000000400801180000000000002084000c0000000000001042000600000000000008210003000000000000841080010000000000004208c00000000000000021046000000000000080100230000000000000400801180000000000002084000c0000000000001042000600000000000008210003000000000000841080010000000000004208c00000000000000021046000000000000080100230000000000000400801180000000000002084000c0000000000001042000600000000000008210003000000000000841080010000000000004208c00000000000000021046000000000000080100230000000000000400801180000000000002084000c0000000000001042000600000000000008210003000000000000841080010000000000004208c00000000000000021046000000000000080100230000000000000400801180000000000002084000c0000000000001042000600000000000008210003000000000000841080010000000000004208c00000000000000021046000000000000080100230000000000000400801180000000000002084000c0000000000001042000600000000000008210003000000000000841080010000000000004208c00000000000000021046000000000000080100230000000000000400801180000000000002084000c0000000000001042000600000000000008210003000000000000841080010000000000004208c00000000000000021046000000000000080100230000000000000400801180000000000002084000c0000000000001042000600000000000008210003000000000000841080010000000000004208c0000000000000c0ffb477efd15e95751ec73f9c83dc95bc00820aa29192e87829c5bb25a278d7acd119a77434272fd38c2b576b5aab3f9a6acd1fd6a859a999a94de9383a62a4a0a2a9a1a4215e1015b908e2851c104c2e47e05c983f6c4e9df1d2c1ced1fcf67aad75d662efe7f77b9ee7b7f9f3bdf6de142100030000000000001421000300000000000014210003000000000000142100030000000000001421000300000000000014210003000000000000142100030000000000001421000300000000000014210003000000000000142100030000000000001421000300000000000014210003000000000000142100030000000000001421000300000000000014210003000000000000142100030000000000001421000300000000000014210003000000000000142100030000000000001421000300000000000014210003000000000000142100030000000000001421000300000000000014210003000000000000142100030000000000001421000300000000000014210003000000000000142100030000000000001421000300000000000014210003000000000000142100030000000000001421000300000000000014210003000000000000142100030000000000001421000300000000000014210003000000000000142100030000000000001421000300000000000014210003000000000000142100030000000000001421000300000000000014210003000000000000142100030000000000001421000300000000000014210003000000000000142100030000000000001421000300000000000014210003000000000000142100030000000000001421000300000000000014210003000000000000142100030000000000001421000300000000000014210003000000000000142100030000000000001421000300000000000014210003000000000000142100030000000000001421000300000000000014210003000000000000142100030000000000001421000300000000000014210003000000000000142100030000000000001421000300000000000014210003000000000000142100030000000000001421000300000000000014210003000000000000142100030000000000001421000300000000000014210003000000000000142100030000000000001421000300000000000014210003000000000000142100030000000000001421000300000000000014210003000000000000142100030000000000001421000300000000000014210003000000000000142100030000000000001421000300000000000014210003000000000000142100030000000000001421000300000000000014210003000000000000142100030000000000001421000300000000000014210003000000000000142100030000000000001421000300000000000014210003000000000000142100030000000000001421000300000000000014210003000000000000142100030000000000001421000300000000000014210003000000000000142100030000000000001421000300000000000014210003000000000000142100030000000000001421000300000000000014210003000000000000142100030000000000001421000300000000000014210003000000000000142100030000000000001421000300000000000014210003000000000000142100030000000000001421000300000000000014210003000000000000142100030000000000001421000300000000000014210003000000000000142100030000000000001421000300000000000014210003000000000000142100030000000000001421000300000000000014210003000000000000142100030000000000001421000300000000000014210003000000000000142100030000000000001421000300000000000014210003000000000000142100030000000000001421000300000000000014210003000000000000142100030000000000001421000300000000000014210003000000000000142100030000000000001421000300000000000014210003000000000000142100030000000000001421000300000000000014210003000000000000142100030000000000001421000300000000000014210003000000000000142100030000000000001421000300000000000014210003000000000000142100030000000000001421000300000000000014210003000000000000142100030000000000001421000300000000000014210003000000000000142100030000000000001421000300000000000014210003000000000000142100030000000000001421000300000000000014210003000000000000142100030000000000001421000300000000000014210003000000000000142100030000000000001421000300000000000014210003000000000000142100030000000000001421000300000000000014210003000000000000142100030000000000001421000300000000000014210003000000000000142100030000000000001421000300000000000014210003000000000000142100030000000000001421000300000000000014210003000000000000142100030000000000001421000300000000000014210003000000000000142100030000000000001421000300000000000014210003000000000000142100030000000000001421000300000000000014210003000000000000142100030000000000001421000300000000000014210003000000000000142100030000000000001421000300000000000014210003000000000000142100030000000000001421000300000000000014210003000000000000142100030000000000001421000300000000000014210003000000000000142100030000000000001421000300000000000014210003000000000000142100030000000000001421000300000000000014210003000000000000142100030000000000001421000300000000000014210003000000000000142100030000000000001421000300000000000014210003000000000000142100030000000000001421000300000000000014210003000000000000142100030000000000001421000300000000000014210003000000000000142100030000000000001421000300000000000014210003000000000000142100030000000000001421000300000000000014210003000000000000142100030000000000001421000300000000000014210003000000000000142100030000000000001421000300000000000014210003000000000000142100030000000000001421000300000000000014210003000000000000142100030000000000001421000300000000000014210003000000000000142100030000000000001421000300000000000014210003000000000000142100030000000000001421000300000000000014210003000000000000142100030000000000001421000300000000000014210003000000000000142100030000000000001421000300000000000014210003000000000000142100030000000000001421000300000000000014210003000000000000142100030000000000001421000300000000000014210003000000000000142100030000000000001421000300000000000014210003000000000000142100030000000000001421000300000000000014210003000000000000142100030000000000001421000300000000000014210003000000000000142100030000000000001421000300000000000014210003000000000000142100030000000000001421000300000000000014210003000000000000142100030000000000001421000300000000000014210003000000000000142100030000000000001421000300000000000014d163eb612336bcdf9b00000000000000a0f3faf61ff096e77bbedd00000000000000001f2c1e010d0000000000005084000c0000000000005084000c0000000000005084000c0000000000005084000c0000000000005084000c0000000000005084000c0000000000005084000c0000000000005084000c0000000000005084000c0000000000005044e3e65b0efeda7bb5d8e8d16332e1e8e3f3c4e38f6cd4f776db7daf9c72ea19f9abdd3f9645cfcecba0c143b3f6f5a6b4b6b6e6ac73cecfb2a54bf3da6baf76d3ae01000000000000def06e9be7d061dbe6d4cf9e99b1fb1d94354d6bd2b76fbf6e699e3dffe419de03871d7e4c6eb9f9fa2c5c302f4972d2c99fcd5d77dc9a450b17747a8e1e3d7a64c3860d39ec88a3f3cab2a599f5d8ccb4b5b575d7969324fdfb0fc8d9e77d292dadadb9e4dbdf7ccbcf0c1fb143f6dbffe08cdc7154ee9c32298f3ef2ebf6b1ddf7dc3b871d7e54d6ac59d37eeeeea9b765de334f77ebbe010000000000787f6cb9d5a07ceef4b373d1b7befea6b17fbee0abe9d3bb4fdada36b49fbbe5e6eb337fde9c2eddc3e9679e9b5fde77577b9bfb3f5ffeca37f283cb2fcafe077c226376dd2349d27393c6b4b5256dadad499269f74dcdfaf5eb73c451c7a7a5b9a5fdbb4b97fe26d7fee8b2b75df3c3a376ceb8f147a64fdf7ef9edabcb33f9d68959b6f47fbaf477256f5cdfb3cfbb208fcdfc7526df36b1c3d8165b0eca17ce3d3fb3673d9e5b27ddd8e56bef7fc027326fee9cdc73f7ed4992b3ce397fa39b6767fcd907e0868686f4eddb374b5e7ca1fddc95975dbcd1f38cd96d8f8cd9758fac59b32a5b6cb1554efffc79b9fdb68959f2d28b5db9dd0ec61d7e74e6cd7b263bec38ea6d3fd3d8d89869d3ee4e734bf39bc67af5ea9dc71e9991bba74eeeb63d020000000000f0c1f1a31f7eb75bc2e8c69872dbc44cf95d3c3de6b8cf64d9b297f3d0afa6b58fefb9d73e99fbcc53b9f9c69f766abe4d7af5ca899ffe9b4cbce9fa2c983f3763f73d20471c79427e72ed15ddb2fff5ebd667d4ce1fcda019d33b5ccb4f8e3b222b5f7bad5bd64c927efd0764f6138fb61fbf9be6d9199d0ec0a3478fc91e1f1b9bc6c69e19347848562c5f9a69f7fd221fdf7bbf0cdb76bbac5ab532136fba2e2b96bf92511f199d430f9b90c6c69e696b6bcb1d532665d1c2f91de61bb0e9a639fdccf372f7d4c999f3d413e9d3a76f8e3ce6c40c1dba4d5a5a5a72f7d4c97976c1dc7ceeefcf4e929c76c6d969dbb021575e7671ce3ae7fcdc36e9e62c79e9f90e73f6e8d123071d72583e3a66b7343434e4b19933f2abe9f7254966cf7a34bd36e99509479f9096e6e6dc78c37f746bfc1db1fd8ed97aeb619934f1860e0178dce147a77fff019934f1862479d375f943bd7af5cadab56bbb6d8f000000000000f07eebdba75fdadadab260fedc241bf2dc730bb3e7c7f7edb6f55a5a9a33fdfe7b73e8b82373c3f5d72449b6dd6efb6c3d749b3cfee88c6cbef95649d2a5cdf3f0238ecdd061c3327ec2b139f893e373dbcf6ecad1c77f7aa39b6767346cccc518b8d9c04c993c31177febeb59bb765d0e3be298dc3575722efed637b362f92bd977bf8392244b96bc906b7f7479be7fe98599f1d003197fc4311de6e9b9c926f9cc29a765d6633333e7a9279224138e3a3eab57afccf72fbd309326de90134e3a25bd7bf7c98fafbe3c4972cd5597fdd10abefb5e7b67871d47e587577c27575d7169f6da7bdf0c1fb1439264a79d77c9defb1e98e7163d9b850be7e7f0238fcde0214337e6e7775a6363438e38eaf8dc3ef967696d6bed30367fee9c3cfde4ac4ecdd3bb779f0c1f3132a79c7a46fee1dc2fe5a043c6a5a161a3fecb000000000000e0cfdaca95bfcd82f97373fca74ecec0811fca7efb1f9c471f79a85bd77c74e643d972ab4119b975f712f3000005dd49444154c3879324e3c64fc82fef999a9696df3fb6ba2b9be79d77fc3cbf59b22477de3e29575e7671962c79fb1b55dfa97976c6463d027af59a5559be6c699264d1c279d976bbedb362f9b2df1dcfcfe88fee962459b37a75fb775e78feb91cd6e16234e4b813fe3aebd7adcbb4fbee7ee34c436346efb26baef8debf27495e7e7949d6ae5d9b215b0fcd8b2f2ceef4fec6ecba7b1e7bf4e1b43437a725cd59bc6841868f1899e7172fcc738b9ecdd5577e37071e7c68962f5f96db27df92a635abfff8a4efc23efb1e94df2c7921cf2f5e9841838774185bfcdcb39d9ee7b9450bf2da6b2b327fee9ca4478f1c7fe2c9696a6acacc19bfeaea2d030000000000f00170c6e7ffb1fd1dc0ebd6bd9eef5cf46feff38ededa4e3bef922f7fe51bedc7f7dc3d25331f7e307f77da5919b2f5b024495bdb865c74e1bf26499e7e7256261c757c4e3be3dc3435adc9e45b27bee5bc5da5b5b535f7dd3b35878e3f2ad3efbf379b6cd22bb39f782c63f73bb0fd335dd93c9f5fbca8d37b7ba7e6d919effa1dc0cdeb3bbeb3b6e50f8eb71a3438878e3b3243860ecb860d1bd2d0d0a37d6cbbe123b262f9b2f4eddf3f7dfbf6cdebaf37a57fff01696868ccc9a79ed1feb9b6b6b634f6dcb8ed6dbae9c01c74c8b8ec77c021ede756ac589e2459b7ee8d47293ffcd003696969cd9aa6ee89bf033fb4793ebef7feb9ea07dff993e77a76c1dc0ec7337e3d3d7becb9b7000c0000000000f017eabd7807704b6b4b1a7abcf9a9b40d8d0d1dee907d276ff70ee09f5c7be59bce0d1e3234e3271c9b1f5f734556af5e95b1630fcc59e79c9f6baefa5e56af5ab5f13fa0939e9a3d2bfbec7b608e39eea4fcf78d3f4db2a1c3f89f63f3ec8c771d80dfc9899ffedb3c30ed9efcd77f5e9bbefdfae5fc0bbeda3ed6d4b426d7fde4aaec7fe02773d0c1e372e71d3f4f53d3eab4b5b5e5aa1f5c92f5ebd677986b631e79bc7ad5aa3c38fdbecc9f37e76d3ff3dacaee7b717392ecb4f39834b734e773679c9324696c6c4cbf7efd73ce17bf9c1f5e7e499a9bd7ff9119de5eefde7dda43360000000000007487d75e5d91ad060dc982f9cfb49fdb628b2db361435b87bb62bbcaf01123f3d20b8bf3db575724491eb8ff9e8c18b96346ee302ab3673ddae5ebfdde86dcf6b39b3274d83659b860de9b46bbb2796e8cce34cf77d22d2f94dd6cb38159bd6a659264db6d4774185bfecad2ac5ab932d3eebd2bbbecba7bb61c3438adadad993f6f4e0e3e647c9237caf9e69b6fd9a9b5d6af5b9b4d37db2c49f2ccd3b33376bf83d3bb779f2449df7efddafffd5e99f1d0fdb9ecd20bdbff6eb8eeea3435adc965975e98e6e6f5193e62643e3c6ae74ecd357af4980cdc6c6092a4ff8001d97becfe7972f6e3ddb97d000000000000fec23dfed8ccec7bc04119b1fd8ee9d1a347060efc508e3af65379fc9187f3ffef92ed0a4b5e7a3e2377fc48866d333c493264eb61193478c83bbe27b7ab2c5dfa72663dfec85b8e7d509b67b7dc013ce5b65b72f88463d3d0d0986717cccdfaf56f2edc4d4d6b32fd817b72d8f8a373c3755767cacf27e6f0238fcd79fff4e5b4b6b5e5f5a6d5b9e1ba6bb37efdba775cebc1e9d3326efc5169488fcc7cf8c1f41bd03f677ee18b696b6b4b6b6b6ba6dc3a71a3de23dcdd76da7997f41fb06916cc7f267dfaf4cde9bfbb5378c06603b3ddf0edb3cfd803327bf6e37960da2fd2ab779f9c7cea1969ecd9332d2dcd99f1d0f4cc9df3e4fbfc0b000000000000e84efdfaf7cf05fff2b5f6e39696965cf2ed6fbe67eb3fbf7851eeb8f5968c1b7f6436df7c8bac696acabc679ecc7df74ced96f596bcf462eebc7d528e39eea4f4e9d3276bd7aecd1d532665f9b2a5ddb25e677565f35cbbf6f5775cab2b9b678f91a376e9fa4c0f000000000000c07bae5b1e010d000000000000c07b4f00060000000000002842000600000000000028420006000000000000284200060000000000002842000600000000000028420006000000000000284200060000000000002842000600000000000028420006000000000000284200060000000000002842000600000000000028e27f01773d466cf11410030000000049454e44ae426082, 'administrator');
INSERT INTO `utente` (`user_id`, `username`, `password`, `nome`, `cognome`, `data_di_nascita`, `email`, `immagine_profilo`, `tipo`) VALUES
(3, 'c', '$2a$12$fGMlnLLZLhhNLN7J.nztzeEqcNFmR3O8hHuBfKp.rZCzVKbjGkj7u', 'c', 'c', '1111-11-11', 'c@hotmail.it', 0x30, 'user'),
(4, 'd', '$2a$12$c5b/A4BU.AshPZMmGT1pvOhNhQIDJYjxIp37xNkH7jJgzt3GWQZdK', 'd', 'd', '1111-11-11', 'd@hotmail.it', 0x30, 'user'),
(5, 'e', '$2a$12$OocLU/5qUviV0moTXbKUYe.4k8QWLOUKyVQKCNqzDn7MhCg1z02pG', 'e', 'e', '1111-11-11', 'e@d.it', 0x30, 'user'),
(6, 'f', '$2a$12$MJcmyonO0T6GWXXm9/erUuQ7SnWYntKsFNUepAPo1NnFNeEUg3JtS', 'f', 'f', '1111-11-11', 'f@k.it', 0x30, 'user'),
(7, 'ambaraba', '$2a$12$DTl/lVCshLUH2gKqu6N3ZuYLROJ02OzPM.RU48/heGMlLOa3dU/ZO', 'ambaraba', 'a', '1111-11-11', 'a@j.it', 0x30, 'user'),
(8, 'TonyCacone', '$2a$12$zeHi/eI1QhYO25S3MlEkj.wv9StajpHRFxTSaOQp8ebu266xy9Nwq', 'd', 's', '1111-11-11', 't@hotmail.it', 0x30, 'user'),
(9, 'SandrOPertini', '$2a$12$6PVfnHy5i/vFgkLJ7iVPXOr.EJ6UvLPNsAQC2ZAH.96SXBGKTYzoG', 'sandro', 's', '1111-11-11', 'kk@hotmail.it', 0x30, 'user'),
(10, 'ddssss', '$2a$12$t4r468HCAo2chZtfkiOoaOaytFSupUy8ajWzsViZFMLKG.0komCSC', 'dd', 'dd', '1111-11-11', 'd@i.it', 0x30, 'user'),
(11, 'giovanniPatti', '$2a$12$nyx.WXnWo.k4Ks3UY8bOv.YaWLrDOG2yMyGMPfvLeypixRMhIFBVy', 'g', '11', '1111-11-11', '1@hotmail.it', 0x30, 'user'),
(12, 'loool', '$2a$12$qLPWURS7Z0j7w/g8TFu5/e09dj2pgU3DqwYzU3Eljj8eitG/reztq', 'asd', 'asd', '1995-01-21', 'a@b.com', 0x30, 'user');

--
-- Indici per le tabelle scaricate
--

--
-- Indici per le tabelle `achievement`
--
ALTER TABLE `achievement`
  ADD PRIMARY KEY (`achievement_id`),
  ADD KEY `gioco_id` (`gioco_id`);

--
-- Indici per le tabelle `achievement_ottenuti`
--
ALTER TABLE `achievement_ottenuti`
  ADD PRIMARY KEY (`achievement_ottenuti_id`),
  ADD KEY `achievement_id` (`achievement_id`),
  ADD KEY `user_id` (`user_id`);

--
-- Indici per le tabelle `game_profile`
--
ALTER TABLE `game_profile`
  ADD PRIMARY KEY (`game_profile_id`),
  ADD KEY `user_id` (`user_id`);

--
-- Indici per le tabelle `gioco`
--
ALTER TABLE `gioco`
  ADD PRIMARY KEY (`gioco_id`);

--
-- Indici per le tabelle `recensione`
--
ALTER TABLE `recensione`
  ADD PRIMARY KEY (`recensione_id`),
  ADD KEY `user_id` (`user_id`);

--
-- Indici per le tabelle `timeline`
--
ALTER TABLE `timeline`
  ADD PRIMARY KEY (`timeline_id`),
  ADD KEY `user_id` (`user_id`),
  ADD KEY `gioco_id` (`gioco_id`);

--
-- Indici per le tabelle `utente`
--
ALTER TABLE `utente`
  ADD PRIMARY KEY (`user_id`);

--
-- AUTO_INCREMENT per le tabelle scaricate
--

--
-- AUTO_INCREMENT per la tabella `achievement`
--
ALTER TABLE `achievement`
  MODIFY `achievement_id` int(11) NOT NULL AUTO_INCREMENT, AUTO_INCREMENT=12;
--
-- AUTO_INCREMENT per la tabella `achievement_ottenuti`
--
ALTER TABLE `achievement_ottenuti`
  MODIFY `achievement_ottenuti_id` int(11) NOT NULL AUTO_INCREMENT, AUTO_INCREMENT=35;
--
-- AUTO_INCREMENT per la tabella `game_profile`
--
ALTER TABLE `game_profile`
  MODIFY `game_profile_id` int(11) NOT NULL AUTO_INCREMENT, AUTO_INCREMENT=22;
--
-- AUTO_INCREMENT per la tabella `gioco`
--
ALTER TABLE `gioco`
  MODIFY `gioco_id` int(11) NOT NULL AUTO_INCREMENT, AUTO_INCREMENT=7;
--
-- AUTO_INCREMENT per la tabella `recensione`
--
ALTER TABLE `recensione`
  MODIFY `recensione_id` int(11) NOT NULL AUTO_INCREMENT, AUTO_INCREMENT=13;
--
-- AUTO_INCREMENT per la tabella `timeline`
--
ALTER TABLE `timeline`
  MODIFY `timeline_id` int(11) NOT NULL AUTO_INCREMENT, AUTO_INCREMENT=13;
--
-- AUTO_INCREMENT per la tabella `utente`
--
ALTER TABLE `utente`
  MODIFY `user_id` int(11) NOT NULL AUTO_INCREMENT, AUTO_INCREMENT=13;
--
-- Limiti per le tabelle scaricate
--

--
-- Limiti per la tabella `achievement`
--
ALTER TABLE `achievement`
  ADD CONSTRAINT `achievement_ibfk_1` FOREIGN KEY (`gioco_id`) REFERENCES `gioco` (`gioco_id`);

/*!40101 SET CHARACTER_SET_CLIENT=@OLD_CHARACTER_SET_CLIENT */;
/*!40101 SET CHARACTER_SET_RESULTS=@OLD_CHARACTER_SET_RESULTS */;
/*!40101 SET COLLATION_CONNECTION=@OLD_COLLATION_CONNECTION */;
