-- phpMyAdmin SQL Dump
-- version 4.6.5.2
-- https://www.phpmyadmin.net/
--
-- Host: 127.0.0.1
-- Creato il: Giu 24, 2017 alle 18:09
-- Versione del server: 10.1.21-MariaDB
-- Versione PHP: 5.6.30

SET SQL_MODE = "NO_AUTO_VALUE_ON_ZERO";
SET time_zone = "+00:00";


/*!40101 SET @OLD_CHARACTER_SET_CLIENT=@@CHARACTER_SET_CLIENT */;
/*!40101 SET @OLD_CHARACTER_SET_RESULTS=@@CHARACTER_SET_RESULTS */;
/*!40101 SET @OLD_COLLATION_CONNECTION=@@COLLATION_CONNECTION */;
/*!40101 SET NAMES utf8mb4 */;

--
-- Database: `untitled_gaming`
--

-- --------------------------------------------------------

--
-- Struttura della tabella `achievement`
--

CREATE TABLE `achievement` (
  `achievement_id` int(11) NOT NULL,
  `nome` varchar(20) NOT NULL,
  `descrizione` varchar(300) NOT NULL,
  `gioco_id` int(11) NOT NULL
) ENGINE=InnoDB DEFAULT CHARSET=latin1;

--
-- Dump dei dati per la tabella `achievement`
--

INSERT INTO `achievement` (`achievement_id`, `nome`, `descrizione`, `gioco_id`) VALUES
(1, 'Novizio', 'Raggiunto il livello 2', 1),
(2, 'Principiante', 'Hai raggiunto il livello 4', 1),
(3, 'Esperto', 'Hai raggiunto il livello 6', 1),
(4, 'Maestro', 'Hai raggiunto il livello 8', 1),
(5, 'Professionista', 'Hai guadagnato 1000 esperienza in una sola sessione', 1),
(6, 'Flipper', 'Hai guadagnato 500 esperienza nell ultima sessione', 1),
(7, 'Giocatore d azzardo', 'Hai girato 20 volte nella stessa sessione senza comprare crediti', 2),
(8, 'Giorno fortunato', 'Hai vinto piu di 1500 crediti in una sessione', 2),
(9, 'Inarrestabile', 'Ottieni 500 punti xp durante una sola sessione', 6),
(10, 'Serpentone', 'Raggiungi una lunghezza del serpente pari a 30', 6),
(11, 'Digiuno', 'Sei riuscito a perdere senza aver mangiato nulla. Bravissimo.', 6);

-- --------------------------------------------------------

--
-- Struttura della tabella `achievement_ottenuti`
--

CREATE TABLE `achievement_ottenuti` (
  `achievement_ottenuti_id` int(11) NOT NULL,
  `user_id` int(11) NOT NULL,
  `achievement_id` int(11) NOT NULL
) ENGINE=InnoDB DEFAULT CHARSET=latin1;

-- --------------------------------------------------------

--
-- Struttura della tabella `game_profile`
--

CREATE TABLE `game_profile` (
  `game_profile_id` int(11) NOT NULL,
  `user_id` int(11) NOT NULL,
  `livello` int(3) NOT NULL,
  `punti_esperienza` int(10) UNSIGNED DEFAULT NULL
) ENGINE=InnoDB DEFAULT CHARSET=latin1 ROW_FORMAT=COMPACT;

--
-- Dump dei dati per la tabella `game_profile`
--

INSERT INTO `game_profile` (`game_profile_id`, `user_id`, `livello`, `punti_esperienza`) VALUES
(23, 14, 1, 0),
(24, 15, 1, 0),
(25, 16, 1, 0),
(26, 17, 1, 0),
(27, 18, 1, 0),
(28, 19, 1, 0),
(29, 20, 1, 0),
(30, 21, 1, 0);

-- --------------------------------------------------------

--
-- Struttura della tabella `gioco`
--

CREATE TABLE `gioco` (
  `gioco_id` int(11) NOT NULL,
  `nome` varchar(20) NOT NULL
) ENGINE=InnoDB DEFAULT CHARSET=latin1;

--
-- Dump dei dati per la tabella `gioco`
--

INSERT INTO `gioco` (`gioco_id`, `nome`) VALUES
(1, 'tossTheCoin'),
(2, 'SlotMachineGUI'),
(3, 'Gioco Finto 1'),
(4, 'Gioco Finto 2'),
(6, 'Snake');

-- --------------------------------------------------------

--
-- Struttura della tabella `recensione`
--

CREATE TABLE `recensione` (
  `recensione_id` int(11) NOT NULL,
  `user_id` int(11) NOT NULL,
  `testo_recensione` varchar(250) NOT NULL,
  `voto` int(11) DEFAULT NULL,
  `gioco_id` int(11) NOT NULL,
  `approvata` tinyint(1) NOT NULL
) ENGINE=InnoDB DEFAULT CHARSET=latin1;

--
-- Dump dei dati per la tabella `recensione`
--

INSERT INTO `recensione` (`recensione_id`, `user_id`, `testo_recensione`, `voto`, `gioco_id`, `approvata`) VALUES
(13, 14, 'Era molto meglio sul nokia 3310. \nHo detto tutto.', 1, 6, 1),
(14, 14, 'Mi spiegate come si gioca?', 2, 1, 1),
(15, 14, 'Uno dei giochi migliori dell\'applicazione...\nE non funziona...', 5, 3, 1),
(16, 14, 'Non lascio mai recensioni negative, però questo è proprio brutto...', 1, 2, 1),
(17, 21, 'Se potessi gli darei 30 stelle.\nStupendo!', 5, 1, 1),
(18, 21, 'Bello ma giocando diventa troppo difficile, sistemate grazie...', 3, 6, 1);

-- --------------------------------------------------------

--
-- Struttura della tabella `timeline`
--

CREATE TABLE `timeline` (
  `timeline_id` int(11) NOT NULL,
  `user_id` int(11) NOT NULL,
  `gioco_id` int(11) NOT NULL,
  `data_ultima_sessione` date NOT NULL,
  `esperienza_guadagnata` int(10) NOT NULL
) ENGINE=InnoDB DEFAULT CHARSET=latin1;

--
-- Dump dei dati per la tabella `timeline`
--

INSERT INTO `timeline` (`timeline_id`, `user_id`, `gioco_id`, `data_ultima_sessione`, `esperienza_guadagnata`) VALUES
(14, 2, 6, '2017-06-24', 70),
(15, 14, 1, '1995-07-26', 0),
(16, 15, 1, '1111-11-11', 0),
(17, 16, 1, '2001-12-12', 0),
(18, 17, 1, '1995-01-11', 0),
(19, 18, 1, '1996-11-11', 0),
(20, 19, 1, '1994-12-12', 0),
(21, 20, 1, '1996-09-21', 0),
(22, 21, 1, '1995-12-21', 0);

-- --------------------------------------------------------

--
-- Struttura della tabella `utente`
--

CREATE TABLE `utente` (
  `user_id` int(11) NOT NULL,
  `username` varchar(60) NOT NULL,
  `password` varchar(60) NOT NULL,
  `nome` varchar(20) NOT NULL,
  `cognome` varchar(20) NOT NULL,
  `data_di_nascita` date NOT NULL,
  `email` varchar(35) NOT NULL,
  `immagine_profilo` mediumblob NOT NULL,
  `tipo` char(20) NOT NULL
) ENGINE=InnoDB DEFAULT CHARSET=latin1;

--
-- Dump dei dati per la tabella `utente`
--

INSERT INTO `utente` (`user_id`, `username`, `password`, `nome`, `cognome`, `data_di_nascita`, `email`, `immagine_profilo`, `tipo`) VALUES
(2, 'b', '$2a$12$Aou7fwSTGTqFu1606hnD0.ZQn1OqLurAszoU1Uh.dGQTv0kiH5uZm', 'Nome', 'Cognome', '1990-07-12', 'asd@sad.asd', 0xffd8ffe000104a46494600010200000100010000ffdb004300080606070605080707070909080a0c140d0c0b0b0c1912130f141d1a1f1e1d1a1c1c20242e2720222c231c1c2837292c30313434341f27393d38323c2e333432ffdb0043010909090c0b0c180d0d1832211c213232323232323232323232323232323232323232323232323232323232323232323232323232323232323232323232323232ffc000110800aa00af03012200021101031101ffc4001f0000010501010101010100000000000000000102030405060708090a0bffc400b5100002010303020403050504040000017d01020300041105122131410613516107227114328191a1082342b1c11552d1f02433627282090a161718191a25262728292a3435363738393a434445464748494a535455565758595a636465666768696a737475767778797a838485868788898a92939495969798999aa2a3a4a5a6a7a8a9aab2b3b4b5b6b7b8b9bac2c3c4c5c6c7c8c9cad2d3d4d5d6d7d8d9dae1e2e3e4e5e6e7e8e9eaf1f2f3f4f5f6f7f8f9faffc4001f0100030101010101010101010000000000000102030405060708090a0bffc400b51100020102040403040705040400010277000102031104052131061241510761711322328108144291a1b1c109233352f0156272d10a162434e125f11718191a262728292a35363738393a434445464748494a535455565758595a636465666768696a737475767778797a82838485868788898a92939495969798999aa2a3a4a5a6a7a8a9aab2b3b4b5b6b7b8b9bac2c3c4c5c6c7c8c9cad2d3d4d5d6d7d8d9dae2e3e4e5e6e7e8e9eaf2f3f4f5f6f7f8f9faffda000c03010002110311003f00ced37e02eab6c87fb4174dbb73bb063d4a485402b81c7d9d8e4139ce7070011d732dafc0cd4a1b0314f6ba35c5c9826433b6a732e256dbe5b8510f44c37ca49dc58e4e0015f4141f79be83fad72be27f12eb3a3eab0db69da0dcdfc061123c888e46e2f8da0a82010aadff007d29edca6ec44e6a11bb381b1f861ad59f84ce8afa2f842e2636d3426fe46633ef7321570df67c82bbd31cff0000c119e21b0f853adda786bfb265d37c2f3cbf679e2fb5b38f337beedafb8db16f9770206ecfca39038af65d52e2fa0b032585bc73dcef8d5629090082ea1892012300939c1c63383d2b2ae75dd62dbcd73a1168a38f7129339627ca2fc0f2f046e053ae73824608a6ddf7264e2b7bf7ea7817fc33d78b3fe825a27fdff97ff8dd1ff0cf5e2cff00a09689ff007fe5ff00e375f4241ac6a525cd943268cca2792449255918a4414021b940704e40dc1791c64104db9af2fd6de4960b20ec911608ce577305ced1c6793800edecc71d0305c64a5b1f387fc33cf8b3fe825a27fdff0097ff008dd1ff000cf3e2cffa09689ff7fe5ffe375eef36bfe21b254497c386f6559e1b791ed252158b46ad23a865e1016da09383b4e4ae39b075cd68d9ea77116804b595c491c71493bab5cc6a09de9fbb3c9e001d093f7b8e428f00ff008679f167fd04b44ffbff002fff001ba3fe19e7c59ff412d13feffcbffc6ebe84b8d575b4bc36f068b14c0ce62595ae9d1028566dce7cae320281b770cb104823996eb53bf8352b7861d33ccb492232c970d23868ca952cbb1636c9dad95e792a578e3201f3b7fc33cf8b3fe825a27fdff97ff8dd5fb7f809ae269f2c171fd8d2dcb6ed970b7f3214c818f97ca20e0afe219875da57e8db57966b58659a030cae819e22c18a311cae47071d33562803e733f02f55f28016ba209984c5986a371b4172366d1e5640400e012c493924e314d93e04eacd75632ac1a1a471c81ae6117f71b675c82541316506323392791dc64fd1d45007ccb0fc03f122490492dc6892949434a8d752aa4883184c2c408e8d939e72318c64e86a9f0575fd435586f2383c3914689892dfcf915253b98e488a18f1c10bf2e3ee824939afa2a8a00f996efe01f89eea4468a7d06dd7600424f31dc7b9ff0057f8003b019c9cb196ff00e00eb92f9634f7d2ed942fce66be96566393ce440a00e9c63b57d0e3abff00bedfccd636a1afc7a6ea3756d34d671ecb78a5856e2710990b3b861b9b8e028eddf93cf001e2371f00f5e370ad69fd8d1c22264293df4d2166208de4ac4bc8c820631f28c83c8305afecfde278af2196e2eb449e14915a487ed332f98a0f2b9116464719af7ed2b534d4def9a196196de1b811452c2db838f2d18f2090796238f4ad1a00f9ea0f80dae26ae2e674d1a4b12c4b59adf4cbc11d03f9448c13919cf419cf765e7c02f10dcc36cb6cda25acc89b2575bb9d96523f8b062f949e73838e98039cfbd7dae7fedffb1f9527d9becbe6f99e41dbbf7631e66ec671fc3b7df3daaf500cca8fc55a3a127ed79cff00d337ff00e26a4ff84b7463ff002f5ff90dff00f89af39f2e8f2ea398be53d1ff00e12ed1ff00e7ebff0021bfff001349ff0009768dff003f3ff90dff00f89af39f2e8f2e8e60e53d1bfe12ed1bfe7ebff21bff00f134bff09768ff00f3f5ff0090dfff0089af38f2e8f2e8e60e53d520d5ad6e6159a26dd1b0c83823fa5486fe11dc75e3af5ce076af3fb1d63ec7689049139d9d0af7fcf152b78811d40f26e4608391b7b74ef4730729deb5daa2e5d1947b83fe14d17d1766efeffe15c29f111200717440fe12107f5a846ad68b07902d2e047e6f9db4b0fbfe66fcfdeebbb9c7e14730945f53d00dfc5dff00aff8506fe2e7bfb73e9f4f4ae08eb51190398af3703903cde3f8b823763f88fe9e8b8636b107efcadbdc234df7d9429278c67938ce3b51cc3e53d005f439ebdfdf9f4ed47f6845ea3ea33fe15e762fec56211ad95c050c1861ba109b01ceece76ff8f5a90eb107c9886f46c2580594807273cfcff30078c1ed4730729e81f6f8bd7bf5e7af4f4a3fb422c03f9633fe15c07f6cc2d0089e1ba750db8b12339ce7270debdba76e9528f10aaf482e077e36f1f4f9a8e61729d989e1c9f9b3962d9c74c9383fd7f1a5171175dddb3d0f1fa570b0ead6b6f6896b15b5d24288115438e817006776738039f6a1f57b692dde07b5b8689cb160ec0e3249c67774c9207a0028e60e53bafb445fdfa82f356b2b18966ba9b62160b92a4f27e82b92ff0084853fe785c7fe3bff00c5567eafa8bea514702c6c88b26f7693ae47603f1eb4730f94ecbfe127d1bfe7efff0021bfff001347fc24fa37fcfdff00e437ff00e26bcffcb3479668e60e52c6ca36559f2fda8f2fdaa4a2b6ca365582aab8ce7938fd6a3f31370f924dac1486d87049cfb718c7e19e68023d946ca74d2f96f085b79a4590e3722f087fdace08ee791d88ea5411a5c23916d3b3a92022a72e79c60f4c607524024e09078a00688f1d052323630a0678fc07ff005fd2a48641288cf932c7e62b32891769001ee3a83820e0e08e840c62aa2d9d9cb712c9e54a6579496eabb4850013ed81904f73c62801d1c7721143f967270587a6de7f1ce7f0a72a4fe60242797bbf8739231f4f5c7e1f5a16ded114010c8c524dea06e3960bdbd723f5f7e6a296ced239846d69726311f9be6a97655d8471c12db8921ba7cc464e6802489272bfbdf2c7033b727e6eff00875e3af4f7c34a5d8c95585be6e9c8c0e78fe5faf1da87f26c503ada5cfdd518886f3d4b11804f0bcfe602e4902a5bb8d66923864866659498df672a14863f311d07006477c5001246e51bcac071d0b0ce3d49c7b7f3a5643818c03df2339ea3fa7f314b35940de6bbc058cc046f8ce7070bf80c63247a0f4a8ded2ce0f9da171bb25b019fa9048c0cf7e47b93eb400a11d9170103e467037019ea07f21405937b60211f2ede7a7ae7f0e9ff00d6a905b40eccc558b3ec73b830fe22c3b7639e2a236d69b4b8b790876218ec6e0b360e72381c9ebd89f7a042b24b8f94463838c938f6edd0f5f6cd3b636fce40ce71c738e87ebdff004a4fb1d95ba88960c2943f2aab1181b723d327238ce5b1ce7070896f05ccbf35bca0dbb058de4cfcf90adb94f52323049ee08f5a006c51cf9225f2c8cfcbb4738c9edf4c73eff9cbe5ff008536dad6dde5374219566f9a1dd33316c2923bf638dc0f71cf526adf97ed40cadb28d9567cbf6a3cbf6a00b1b0d1b0d58db51a79c558bdb3291bb03cc43bb91b71cf520e79c0183cf4ca119a906a51ce499a27899f2032f2a370381c0fe1ddebce39ea69d0aea454197ece5b8ddb327f8b9ffc738ff7bdab43f7b93b6d5cfde190c8338191fc5fc5dbf5c53f63ec918af299c0dcb97c0cf1cfbf7c7be29819f6315dadba2dfb44d28c2e62079f940ee3afdea8921d4621096912662479bbb032a4e58af03d47e0bebd748198e736ae3e55eaf1fcc08271f7bd463ea7b8c901f382e440739f9959d41c6d2720e71d405ebd4e7a7340150412a4af219d994f0aadb405e7d71fd4d5729ab94017ec5bb1cfdfebb107fe85bbfe03b7be6b5903150c4156c0257702573ee091fad2edf6f6a4066471ea027f9da13133b9239c85c7c807a9cf5ebed4bf67ba7badfe7ed83cb51b140277ee393d3a1181d7d7eb5a5b07a51b73d450064797aac960b930477451d495c94dc78561d7fcf6a84daeb467b63f6a87607679d76ff0e470bf2f4ebc9e7e6ebe9bbb0649c727afbd1b7dbbe680319a0d4de48984a225599f7a903e64f346d1d0ff00cb3dde9c91560a5f622dbf67dd8fde75e7e65fbbff0001dff895ed9ad1d8076a36f5f7ebef401961351f3d4e6dfcb2c032f3d32f9c7be0a7e5f9c5247abf9b018fec4537ed943ef076eefe1f7dbebdfdab676f5ebc8c1f71e946df6a00ccdba8fef3fe3dbfd6388fafddc7c99ff6b3f7bf4a9a74988c4240c96073d81cf3ff00a0fe46aeedff000a36fb500655aaea5e7b0bc5b7f276b18da2cf183fc59faf6f4357761ab1b7da8db4015f61a361ab1b68db40117f626a1ff3f4bff7f5e8fec4d43fe7e978ff00a6aff9d7434551273ffd8ba87fcfd2ff00dfd7a4fec4d43fe7ed7fefebd743450073ff00d89a87fcfd27fdfc7a4fec4d4074ba507da57ae868a00e7bfb1350ef74a48f595e8fec4d43fe7e97fefebd743450073dfd89a87fcfd2ff00dfd7a3fb1350ff009fa5ff00bfaf5d0d1401cf7f626a1ff3f4bff7f5e8fec4d43fe7e97fefebd743450073dfd89a87fcfd2ffdfd7a3fb1350ff9fa5ffbfaf5d0d1401cf7f626a1ff003f4bff007f5e8fec4d43fe7e97fefebd743450073dfd89a87fcfd2ff00dfd7a3fb1350ff009fa5ff00bfaf5d0d1401cebe8da8aa92270c474513104fe78acaf3a5ff009ed2ff00df67fc6bb71c74e2b832793c5004be749ff3da5ffbf87fc68f3a4ff9ed2ffdfc3fe350e7da8cfb5033bda2b9aff84967ff009e517ebfe347fc24b3ff00cf28bf5ff1a0474b45735ff092cfff003ca2fd7fc68ff84967ff009e517ebfe3401d2d15cd7fc24b3ffcf28bf5ff001a3fe1259ffe7945faff008d0074b45735ff00092cff00f3ca2fd7fc68ff0084967ff9e517ebfe3401d2d15cd7fc24b3ff00cf28bf5ff1a3fe1259ff00e7945faff8d0074b45735ff092cfff003ca2fd7fc68ff84967ff009e517ebfe3401d2d15cd7fc24b3ffcf28bf5ff001a3fe1259ffe7945faff008d0074b45735ff00092cff00f3ca2fd7fc6af693ab4ba84ef1ba22855ddf283ebf5a00d7a28a2800af3ecf5af41af3bddc9a007e68cd33751ba8191666ff009e4fff007c9a3337fcf27ffbe4d753f6897fbe7f2a3ed12ff7cfe5597b64757d4e672d99bfe793ff00df268ccdff003c9ffef935d4fda25fef9fca8fb44bfdf3f951ed907d4e672d99bfe793ff00df268ccdff003c9ffef935d4fda25fef9fca8fb44bfdf3f951ed907d4e672d99bfe793ff00df268ccdff003c9ffef935d4fda25fef9fca8fb44bfdf3f951ed907d4e672d99bfe793ff00df268ccdff003c9ffef935d4fda25fef9fca8fb44bfdf3f951ed907d4e672d99bfe793ff00df268ccdff003c9ffef935d4fda25fef9fca8fb44bfdf3f951ed907d4e672d99bfe793ff00df268ccdff003c9ffef935d4fda25fef9fca8fb44bfdf3f951ed907d4e672d99bfe793ff00df26b7fc2bbfed7397465f907de18ee2ad7da25fef9fcab42c4979159b9251b271ee2aa153999955a12a69366851451566215e6e5b93f5af48af332793f5a0093751baa3cd19a06751b4ff007bf951b4ff007bf9575dff0008bd9ffcf59ffefa1fe147fc22f67ff3d67ffbe87f8573fb091e87d720723b4ff7bf951b4ff7bf9575dff08bd9ff00cf59ff00efa1fe147fc22f67ff003d67ff00be87f851ec241f5c81c8ed3fdefe546d3fdefe55d77fc22f67ff003d67ff00be87f851ff0008bd9ffcf59ffefa1fe147b0907d720723b4ff007bf951b4ff007bf9575dff0008bd9ffcf59ffefa1fe147fc22f67ff3d67ffbe87f851ec241f5c81c8ed3fdefe546d3fdefe55d77fc22f67ff3d67ffbe87f851ff08bd9ff00cf59ff00efa1fe147b0907d720723b4ff7bf951b4ff7bf9575dff08bd9ff00cf59ff00efa1fe147fc22f67ff003d67ff00be87f851ec241f5c81c8ed3fdefe546d3fdefe55d77fc22f67ff003d67ff00be87f851ff0008bd9ffcf59ffefa1fe147b0907d720723b4ff007bf9569e9e3e68fd7cb638fc456dff00c22f67ff003d67ff00be87f85654702db6a124284954de067d985694e9f29cf5eb46a2b22dd14515a1cc15e61bb93f5af4faf2ccf268024dd46ea8f3466819ef3451456840514514005145140051451400514514005145140051451400572727fc8627ff007a4ffd0857595c9c9ff2189ffde93ff4215321a26a28a2a4615e519e4d7abd7926ee68024dd46ea8b751ba819f406ee4f18150cf7b05b4d6d14ae124b990c50820fcee119f1c74f9518f3e95c6dbf80668ae2e585fd8c114d6896ed6f65a779114ac8eae1a541210ea70c8578ca3b2e475abafe0d12d9416b15dc1a6882e4ce1b48b416a48303c440cb3056f9cfce0640007501ab420eb3773d2a39ee21b68249e7912286352ef23b055551d4927802b15fc3d9f08dc68315c25bac90490acd6d6eb16cdc4e1b6ae1777396c60139202e70311fe1e4330d5374d6502df69df6210595888615639fdf326f3bdc1276f236a92b939cd00761657d1dfdaa5cc51ce91b6702785e27e0e3957008e9c647239ab550450436f02c50c69144800448d42aa8e8300700715367f3a005a293349bb9c77a007514dde323de94b71400b45145001451450015c9c9ff2189ffde93ff4215d6572727fc8627ff7a4ff00d0854c8689a8a28a91857906ee6bd7ebc703714c0933466a3cd19a433dae69b5bff8462da55b51fdab2083ed11c6532859d44db3736dcaa9723248ca8fbddf2350b2f149bdb2b78ae66b8b3b6d4ad9cdc3148a7961c399b7ec215a3c94000552707e5380c7b3fe23fe7d290f0c8074dc7f91ad08396b4b7f11c975a3cd7ef3194dd3bdf47179696f0a2c52a809c97656768d86e2c7e50484fbb53eb10f881ee351934cb99a348acd24b285561d971700cbba37deb90a7f72382bd78239c7443ac9ec7fa537a3103a75fd0d0072fa97fc2556371a8b69cafa844d1c325bacc61428ed3112a210070b1e0a970dcf5ddd2920b5f162496f6f737a3ecc6e30f71098de558cc52e4b131aa1fde7958db18f7c8ce7ac70368e3b8fe74d1fc47b85183401c988fc5d0c9a6ccb3bce46a0d6f750cab0856b4df26d9c9001f30af947e538ff0063ae20b28bc5b67a1e9af17daa7bff00b114b8b5bf785a38e5484856de877b33ca10e4b91b59f3b4e00ed140f4a63921863dff00ad0072717fc25eaf1b91f24ef1492a3cb13b403ce88bc636a20c794d37790fca30c0fdeb5770f8863bc4fb2dc5f5c4369e56e0ff00678cde0392e7210e4fdd1b7108ce7e6c1c8e91b866f6dbfce97f87f15fe9400fa28a2800a28a2800ae4e4ff90c4ffef49ffa10aeb2b9393fe4313ffbd27fe842a64344d4514548c2bc6474af66af191d2980b45145219fffd9e1410c464e0106aebea3a1ba9bb92f34f65b554b83334a87c90ea42b96cfca0ab3007b82715c1585859ea7e1809a85a4176b69e13b196dc5c462410bb24fb99320ed2762648ebb57d056769dff0022978b7fec56b0ff00d2592803d2ef068f6ed1c32dada3bc57314e22c460c52cb2155970c4618b17e47ccc776324e0d1b497c386da38934eb3b6b4b75bd41e62451a42914be5cdf2e78563c920631f7b0480727c47ff002325dfd742ff00d2f96b1355e745d4ff00ec1be25ffd2b5a00f43923d163315ac8962a6d9621144c10794acea230a3f84178d76e3ab20c722a45b4d2aea5bfdb6f672c936d86f708ac5f0a08593d7e561807b30ec6b9fd67c3ba269fa7466cb46d3ed8dc5cdac13186d513cc8dae620c8d81ca91c10783577c330c56b7dafd9dbc690dadbdf22430c6a1522536d0b90aa3800b33371dd89ea6803a1a28a2800a28a2800ae4e4ff0090c4ff00ef49ff00a10aeb2b9393fe4313ff00bd27fe842a64344d4514548c2bc6474af66af191d2980b45145219ffd96e3cad775b7ccf515c63d3dab3357d7ac744fb37db59c7da651147b173963ebe95c4decde23f076b1a6b5e6b4752b1bd984527991e0a124741938e0e460f6e9557e21699a9457b61349acbc90cf7a0410984016e4f420e7e6c7e14396867531328c24e317756bdedd7e67a65ddcc7676b2dccc488e246762067e50326abe91abdaeb9a7477f6459a09090a597078241e3ea2b97d6b43d713c2d3ac9e2692468629a495cdb28f394a8c27dee3183cf3d7daaafc32b0bf5d120bd3aa3358b09152cbca1846ddf7b76727a1e31de9733bdac5fb69fb650b68d5fa79799e858ff3e9487a7d2bccf4bbbf14f88757d6ac2df581696b6d74ca67318675196015471c71d7dbad59b2d4b5bf0c78b2d347d6af8ea1657df2c370cbb58374fe780464f5069f30962934a4e2d26ed7d3d0f43000c0fca94f4ef5c3789b58d566f1458f86b4bbc4b13711f9b25d300cd8f9b800f7f97ea73d454690f8afc39acd929bd9b5bd3ae5c2cd987e68791f371938e73d71c1e28e62beb0b99a49b49d9bf3fccefe8accbfb5bf9afad24b5bb11431b66543fc6323f3e38abb753a5a5acb70ff0072352c7f014ce92945aa19f5b974f8e2052140d24bbba13d063145dea660d5ad34f8a11249302cc4b63628efd39e86aaf862075d3e4be9c0135e3995bd8761fccfe3516879d4755bfd598e50b79107a6d5ea7f1e3f5a00cbf1d78b2ff45b9d2f48d1a189f54d4a4db19947ca8320648f524fe86b6fc350f8820b0917c45756b717464251ad930a130383c0e739af2cf1a68fac2fc4bd0e16f1048d2ddcacd6b37d9d41b452dc00377cf8f7c5753e36bad73c27f0e55d75b96e7514b9556bcf2951995998e36f2060607e1401e8b45703e16b0f17cd796baf6b9ae462cde12ed608b85552bf2963c0c8e09ebf5acbd3efbc4ff116eef2ef4cd65b45d12de53140d145ba4958773c83d083d71ce307ad007a9515e7de14d735cb1f16dcf847c437497732c3e7da5e040a654f423bf19f7f94f27ad65c17de23f1df89b58b2b1d7bfb16c74c94c4a90a069243b88dc79071f29ef8e40c77a00f55ae27c39e29d4355f1e6bfa35c2c02d6c3fd4945218f207273cfe551f852e3c5761e21bad0b5edf7f6691f996fa988b686e9f29238cf27af208ea6b8cd3a0d7af3e29f8a6d343bb8ac9a473e7ddba6f312023eeaf7627fc8a00f6da2bca62d43c4be0bf1be95a5ea9ad36afa76a8db15e54dacad903239246091dc820d6bf8b7c47ac4fe26b5f097869d21be9a3f36e2edc02204f607be067f118eb401dfd15e55ac278cbc056a9ad36befadd82328bb8278b695527195392472719c8c64706af7c44f155ed9784748d5f44b9922fb5dc46c0a81974652d839cfb5007a3d15e5face91e3e87499f5e7f142c3750c6676d3e184089540c950d93b881ea0e7d6bb0f056bcfe25f09d8ea732aacd2ab2ca14606e562091ec719fc6803a0ac7d0fc49a77888de7d81a46fb24c61977a15c30f4f5e94ed7f4fbfd4f4efb3e9baabe9971bc37da122121da3aaed2475fe95e5df0bb48d5a6d4f53b8875f921b7b6d471730081585d104e496ddf2e7db3401ecf45703e1bd6b5483e21ebbe1dd5ae9e74c0b9b26700623273b46073c301ff01346a3abea7a87c56b1d0b4fbc686cace0fb45f2a01f36790a723be5471d98d0077d4514500145145001451450014514500145145001451450014514500145145001451450014514500145145001451450055bbff5b17d1bfa5329f77feb62fa37f4a65001451450015e53a9585b6aff0018dec6f90cb6ce00642ccbc0b7dc390411c8cd7ab57997fcd72ff3ff003ed401d37fc2bdf0b7fd02ff00f23cbffc5535bc01e145c6ed355771da337128c9f4fbd5d438631b04203107693d8f6af2792cb53d3be21e8b0ea7a9bdf4eecb296390aa4961851e9c7a0fa500765ff0af7c2dff0040bffc8f2fff00155c869b616da47c634b1b14315b202150333706df71e4924f2735ead5e65ff35cbfcffcfb5007a6d1451400514514005145140056478a3edfff0008cdff00f666efb5f97f26dfbd8c8ddb7df6e71ef5af55354d46df48d327bfb924430aee6da393ce001ee4903f1a00f2af869fdabff09336cf3bec9b1bed5bf3b7383b739fe2dd8f7c66bd82b8ff000d78fed7c43a91b0368f6d330668b2e18380324741838c9c73d3ad761400514514005145140054737faa6fa54951cdfea9be9401a34514500275ae13e2c7fc8a29ff005f49fc9abbae86b1bc4da041e25d1df4f9a5788ee0e9220ce1867071dc7278a52575631af073a528adda3e71a2bd4ffe14d9ff00a0effe4a7ff6747fc29b3ff41dff00c94ffeceb1e49763c1fa8623f97f15fe66d7c27ff9145ffebe9ff92d777d2b17c33a041e1ad1d2c2195a5218bbc8c319638c9c761c0e2b67a9ada2acac7bd420e14a317ba420ae0b4fff0092cdaa7fd792ff0028ebbdac98b40b387c493eb8a65fb5cf188d8161b71803a63afca3bd0d5ec1560e6e36e8eff99ccfc4e3fbad0ffebfd7f9527c4b388f4263c017eb927a0aea35bf0fd9ebab6ab786502de512a6c603e61ebc1e2975fd02cbc45a7fd8af95b6060eac8d82ac3b8fccd269bb98d5a1297b4b75b5be42f8807fc537a9e3bdac9cff00c00d61fc3223fe107b3c10487941ff00becd6d68da15b689a5be9f1c935c42e4b31b86dc4e400474e981d2a8689e0ad3bc3fa9c979632dd00ea57c979328b9c7418cf6ee69d9dee5b8cfda46a5ba59ebb6df7985f0fe68c788bc5309914486ef705279c0670481e9c8fce9be35952f7c69e19d3adfe7b88a7f3a40bced52ca79fc158fd0566786fc3963afeb5e25fb49952686f898a681cabae59f201f43815da683e0ed2f40b892ea0f3a6bb9061a79db7301dc0f4cd249b5639a946a4e928595afbdfb3bec50d7edfc3be22d7d744bf59a2d4e28c4914c9f2123ae15bbf7e31d8d63ea0756f046a7a6987589efec6ee7111b5ba3b9c0c8e54f5efdb1ce3ae6badd77c29a67885636bd4759e2fb9344db5c7b67b8fad52d33c09a4e9da825fbbdcde5cc7feadeee4dfb0fa8e3ad0e2ee69528cdcdb49277dd3b69e6ba9d434a88caaeeaa58e1416009fa7ad61f89646b85b5d2a2244977200d8ea10724ff9f4357ef748b6bfbcb6b9977f996ed95dad8079cf3f88a8d34d94f8824d46674282311c2a33951dc9fd7f3aa3b88f5eb81a6e84d1c0a43b81042a3d4f1fcb35734ab31a7e9b6f6a0005146ec7763c93f9e6abdf69b2deead653bc8a2d6d897f2f9cb3f63e981c7eb5ab401e5fe39ff92b1e0dff007bff0066abdf19bfe4416ffafa8bfad74ba9f85b4fd5b5ed3b59b869c5d69e730847014f39f98639fcea5f11f872cbc51a57f676a0d2880b89331300d919c7241f5a00482ddeefc1b1dbc670f369e235e71c98f03f9d7937c37f0bdb6b9a4dcdbc9aeeaf617d6d3b2cd696f73e5851c60edc7ae413ea2bdaeda04b5b586de3cec8915172727006067f2ae575af873a26b5a936a40dd585eb7df9ace4f2cb9f5230467dc75a00a3a2f83743d27c670dc0d7af6ef588226221bab8576d8411c8c671c93d6a8c3a0f85bc77a8deea9a4dc5fe99aadbca639de07f25f77a95e7bf718c906ba9f0d782b48f0bb4b2d9c724b752ff00acb99df7c8c3d33d87d3af7aa1ac7c37d1357d4df5347bbb0bc939924b39766f3dc9183cfb8c6680323c31aa6b7a3f8fa7f08ea3a9ff006adb880cd15c32fef23e010ac73fa127a8f5a87c13ff002573c63f5ffd985759e1af05e91e1632c9651cb25d4dc49733bee9187a67b0cfa7e353e9be16d3f4ad7f50d6adcce6eaff00fd7067054739e0638fce8038df891ff23e7823febe9bff00438e91a64d1be3bcb2deb7971ea766a96eedc02c028c67dca11f523d6bb3d63c2d61ae6aba66a376d309f4d90c90796c0292483f30c1cfdd1e94be22f0b695e28b216da9dbefd8774722b6d78cfa83fd3a500647c51d4adb4ff016a31cecbe65ca086143d59891d3e8327f0ae2bc69673587c2af09db5c0612a4f0ef56e0a928c707e99c5761a6fc30d0ac3518afae1ef750961c1885e4dbd508e981819fc78addf127862c3c536905aea0d308e1984cbe53053b80239c83c73401278a3fe454d63febca6ffd00d735f08d953e1c59b3300a2498924e001bcd7677d671dfd85c59cc488a78da27da707041071efcd6569be14d3b4bf0bc9e1e80ccd6522488dbdf2d87ceee401ea7b5006cc13c3730acb04c9346df75d18303f4238af39f84a712f89d4f51a9364771d7fc2bb3f0ef87acfc2fa4269b6065681199b32b65892727d05632fc39d1e3f13ff6ec12de4139984ef1472e2376073c8c6704f38cd00647c434fec2f12f87bc5d192ab6f3fd96ec81d626cf27e80b7e62a4f8636eda8b6b5e2b995849aaddb084b7510a92001f8f1ff0115d96b9a2d9f883489f4cbf566b7980ddb4e181041041ec722a4d2b4db7d1f4bb6d3ed14ac16f188d0139381dcfb9ea6802f51451400514514005145140051451400514514005145140051451400514514005145140051451400514514005145140156eff00d6c5f46fe94ca7ddff00ad8be8dfd2994005145140057997fcd72ff3ff003ed5e9b5e53a95fdb691f18defaf9cc56c801672acdc1b7da380093c9c5007ab579df88ffe4ab687feeaff00e84d5bbff0b0bc2dff00414ffc812fff001350bf8dbc192dc25c4977134e9f7246b490b2fd0edc8a00eb6bccbfe6b97f9ff9f6ae9bfe161785bfe829ff009025ff00e26b90d36fedb57f8c697d62e65b6704ab8565e05bed3c1008e462803d5a8a28a0028a28a0028a28a002aa6a9a75beafa64f6172098665dadb4f239c823dc100fe156eb23c51f6ff00f8466fff00b3377dafcbf936fdec646edbefb738f7a00c6f0d7802d7c3da91bf376f73328658b2814202304f53938c8cf1d7a57615e3ff000d3fb57fe1266d9e77d93637dab7e76e7076e73fc5bb1ef8cd7b05001451450014514500151cdfea9be95254737faa6fa50068d14514005145140051451400514514005145140051451400514514014ed74eb3b292692dada285e76dd2b22805cf3c9f53c9fceae5252d02492d105145140c28a28a0028a28a0028a28a0028a28a0028a28a0028a28a0028a28a0028a28a0028a28a0028a28a0028a28a0028a28a0028a28a0028a28a0028a28a0028a28a0028a28a0028a28a0028a28a0028a28a0028a28a0028a28a0028a28a00ab77feb62fa37f4a653eeffd6c5f46fe94ca0028a28a002b2b55f0d68fadba3ea3629348a36ab6e656c7a65482456ad1401cc7fc2bdf0b7fd02fff0023cbff00c551ff000af7c2dff40bff00c8f2ff00f155d3d1401cc7fc2bdf0b7fd02fff0023cbff00c5569695e1ad1f44777d3ac5219186d66dcccd8f4cb1240ad5a2800a28a2800a28a2800a28a2800a28a2800a28a2800a28a2800a28a2800a8e73889be9525232ee1834016e3912640e8c0a9f4a7d623e9b1bb162a39a6ff65c5fdd1401bb45617f65c5fdd147f65c5fdd1401bb45617f65c5fdd147f65c5fdd1401bb45617f65c5fdd147f65c5fdd1401bb45617f65c5fdd147f65c5fdd1401bb45617f65c5fdd147f65c5fdd1401bb45617f65c5fdd147f65c5fdd1401bb45617f65c5fdd147f65c5fdd1401bb45617f65c5fdd147f65c5fdd1401bb45617f65c5fdd147f65c5fdd1401bb45617f65c5fdd147f65c5fdd1401bb45617f65c5fdd147f65c5fdd1401bb45617f65c5fdd147f65c5fdd1401bb45617f65c5fdd147f65c5fdd1401bb45617f65c5fdd147f65c5fdd1401bb45617f65c5fdd147f65c5fdd1401bb45617f65c5fdd147f65c5fdd1401bb45617f65c5fdd147f65c5fdd1401bb45617f65c5fdd147f65c5fdd1401bb45617f65c5fdd147f65c5fdd1401bb45617f65c5fdd147f65c5fdd1401bb45617f65c5fdd147f65c5fdd1401bb45617f65c5fdd147f65c5fdd1401bb45617f65c5fdd147f65c5fdd1401bb45617f65c5fdd147f65c5fdd1401bb45617f65c5fdd147f65c5fdd1401bb45617f65c5fdd147f65c5fdd1401bb45617f65c5fdd147f65c5fdd1401bb45617f65c5fdd147f65c5fdd1401bb45617f65c5fdd147f65c5fdd1401bb45617f65c5fdd147f65c5fdd1401bb45617f65c5fdd147f65c5fdd14017ee6547b844520b283bb1db38ff0a5a820b648061462a7a0028a28a0028a28a0028a28a0028a28a0028a28a0028a28a0028a28a0028a28a0028a28a0028a28a0028a28a0028af1afb141ff003cd7f2a3ec507fcf35fcaa798ae53d968af1afb141ff003cd7f2a3ec507fcf35fca8e60e53d968af1afb141ff3cd7f2a3ec507fcf35fca8e60e53d968af1afb141ff003cd7f2a3ec507fcf35fca8e60e53d968af1afb141ff3cd7f2a3ec507fcf35fca8e60e53d968af1afb141ff003cd7f2a3ec507fcf35fca8e60e53d968af1afb141ff3cd7f2a3ec507fcf35fca8e60e53d968af1afb141ff003cd7f2a3ec507fcf35fca8e60e53d968af1afb141ff3cd7f2a3ec507fcf35fca8e60e53d968af1afb141ff003cd7f2a3ec507fcf35fca8e60e53d968af1afb141ff3cd7f2a3ec507fcf35fca8e60e53d968af1afb141ff003cd7f2a3ec507fcf35fca8e60e53d968af1afb141ff3cd7f2aea3c25a7db3c375ba253875ec3d0d1cc163bda2b13fb36cffe78affdf228fecdb3ff009e29ff007c8a3985636e8ac4fecdb3ff009e29ff007c8a3fb36cff00e78a7fdf228e60b1b745627f66d9ff00cf14ff00be451fd9b67ff3c53fef91473058dba2b13fb36cff00e78a7fdf228fecdb3ff9e29ff7c8a3982c6dd1589fd9b67ff3c53fef9147f66d9ffcf14ffbe451cc1636e8ac4fecdb3ff9e29ff7c8a3fb36cffe78a7fdf228e60b1b745627f66d9ffcf14ffbe451fd9b67ff003c53fef91473058dba2b13fb36cffe78a7fdf228fecdb3ff009e29ff007c8a3982c6dd1589fd9b67ff003c53fef9147f66d9ff00cf14ff00be451cc1636e8ac4fecdb3ff009e29ff007c8a3fb36cff00e78a7fdf228e60b1b745627f66d9ff00cf14ff00be451fd9b67ff3c53fef91473058dba2b13fb36cff00e78a7fdf228fecdb3ff9e29ff7c8a3982c6dd1589fd9b67ff3c53fef9147f66d9ffcf14ffbe451cc1636e8ac4fecdb3ff9e29ff7c8a3fb36cffe78a7fdf228e60b1b745627f66d9ffcf14ffbe451fd9b67ff003c53fef91473058dba2b13fb36cffe78a7fdf228fecdb3ff009e29ff007c8a3982c6dd1589fd9b67ff003c53fef9147f66d9ff00cf14ff00be451cc1636e8ac4fecdb3ff009e29ff007c8a3fb36cff00e78a7fdf228e60b1b745627f66d9ff00cf14ff00be451fd9b67ff3c53fef91473058dba2b13fb36cff00e78a7fdf228fecdb3ff9e29ff7c8a3982c6dd1589fd9b67ff3c53fef9147f66d9ffcf14ffbe451cc1636e8ac4fecdb3ff9e29ff7c8a3fb36cffe78a7fdf228e60b1b745627f66d9ffcf14ffbe451fd9b67ff003c53fef91473058dba2b13fb36cffe78a7fdf228fecdb3ff009e29ff007c8a3982c6dd1589fd9b67ff003c53fef9147f66d9ff00cf14ff00be451cc1636e8ac4fecdb3ff009e29ff007c8a3fb36cff00e78a7fdf228e60b1b745627f66d9ff00cf14ff00be451fd9b67ff3c53fef91473058dba2b9cbdd3ad16c2e1842b91131fba3fba6bca6ca3865c6635fca8e60b1ef34578c8b2808ff0056bf952fd8a0ff009e6bf951cc3e53d968af1afb141ff3cd7f2a3ec507fcf35fca8e60e53d968af1afb141ff003cd7f2a3ec507fcf35fca8e60e53d968af1afb141ff3cd7f2a3ec507fcf35fca8e60e52ce28c52e28c548c4c518a5c518a004c518a5c518a004c518a5c518a004c518a5c518a004c518a5c518a004c518a5c518a004c518a5c518a004c518a5c518a004c518a5c518a004c518a5c518a004c518a5c518a004c574be143886ebfdf5fe46b9bc5747e173886e7fde5fe46803a4dd46ea8b34668025dd46ea8b34668025dd46ea8b34668012d605950cd317285cafcad8c60d69269768ea1834841ff006cd54d1dd5f4d60c320c8c3f5a5172d6736d19688fe38ad6c617b173fb22d7fbd2ff00df46aa4f656e18c70b485fb9dd9029f71a8ef0121f999bb8e82a6b6548e2241dcc41cb1a2c174ccdb673e4e09c90c47eb536eaa566fba163fedb7f3ac2f1fb67c13a8ffdb3ff00d18b59bdcd96c755ba8dd5ce6a7e217d26ef4cb28ec24ba92f11b608d8060caa0818231839e492300669fa6f8827b9d5a4d2eff4e6b2ba58bce41e6ac8aeb9c6430039cf6a066e457314e18c32a48158ab1560db5875071dfdaa4dd5e7fe1dd4f50b58b564b1d1e4bc0ba84ccede72c6bc9e8b9c963c74fa735d0278a6c1bc3a7593e62c4bf2b4447ce1f38d98fef67fc68b01d06ea375731ff0935ddac96efaae8f2d95aceca893f9eafb59ba075006dcfe3572e35d5b3d752c2ee110c13445e1b967f95997965231f29039ea7228036f751bab9eb1d7ae751d26eb50b6d359915985aa79986b851c6ee47ca0f6eb5b104af2411c9246627640cc84825491c8c8eb8a4059dd46eae27ecfff000917892fa0bb9a516f6a36a22360020e33fccd5df0adccc1f50b09656956d65da8cc727692c31ff8efeb401d4eea8a1b98ae159a191645562a4a9c80475158de26bd96d7492901225b87589581e99ebfa7f3acfd7f768de1fb6b1b1731798e23665e09e3939f73401d76ea37570f7765ff0008d6a7a6c967712959e4d932b3643720671f89aecf34012eea37579af87351934abef324c8b299fca76cf0add41fd7f2cfa56dd937fc5c0be23fe788ff00d056803afdd46eae667f159134c2d34f9aea0849124cad8518eb8e0e7f4a967f13451d9d95dc509920b993cb662fb4c67dc60e7bfe5401d0eea8a6b98add434d22c61982a966c024f4159235e8bfe121fec9d9cedcf99bff008b19db8c7a77cd4305d47e26b1bd824b6090ab98d1cbeedc47461c0c6383401d0eea375607862fa5bbd2424e4996dd8c4cc7be3a7e9fcaa3d75bfe271a07fd7e37fe8a6a00e8f751baabc8ce227f2f064da7683d338e335c06896ba26a90326bb33ff6e976137da2768e446c9c6c190318c6314c0f47dd46eae720ba9fc37e1f2dabdc9b9685ca44c99679413855e7ab76fc2922f11dd437b6b06a9a4bd94774db2197cf5906ec642b003e527f1a00e93751bab9893c4d76facdfe9765a4497335a14f9c4ea8a432eecb123e53ce00e73cf4a61f10dcea3e1dbdb8b4b064bb819e19e19260a626553960c01dd8e31d33401d3cb711dbc4d2cd22471af2ccec1547d49a7070c0104107904579e4f797d79f0aee1ef63c7ee1364c66ded28dc32cc30369fc4d6b8f145cd8dadb5c5f68d35be9cdb53ed2d2a965ce006641ca8fc68b01d6eea375626abaefd86ea0b2b6b67bcbe9c1648118280a3ab331e145334ed79ee6fe4d3af2c5acefd23f35626903abae71956039e7af1401bdba8dd5ca9f18471e99752cf68c9a8413fd9cd92bee66727e50ad8e430e738ec6b58dedf24d6319d3d889c319dd6505602172072016c9e38c74a00d4dd46eaa3a8dcbdae9b73709f7a38d9973ea0715c5a69ad2f86db5b37771f6ee5c3efe803631fa5203d0b751bab3749bb6bcd26d6e2439778c163ea7bd5dcd004bba8dd51668cd004bba8dd51668cd0032fdbfe25b75ff005c5bff004135e43a676af59bf6ff008975d7fd726ffd04d793e983a5006da8f9453b1401f28a5c5002628c52e28c5002628c52e28c5002628c52e28c5002e28c52d140c4c518a5a280131462968a004c518a5a280131462968a004c518a5a280131462968a004c518a5a280131462968a004c518a5a280131462968a004c518a5a2801315d0786ced8ae3fde5fe46b02b67c3ee14dc2679f9587ebff00d6a00e87751baa2dd46ea0097751baa2dd46ea0097751baa2dd46ea006e917a8d66f08755612b6773630335a61a0d854cb11cf5f9857372e8b6d248cfca963938269bfd876dfde6fccff008d5a9a3174d9d244b6d0060924433fed8a6bdca5be5bce8ca60e4071c573bfd876dfde6fccff008d1fd876ddcb1fc4ff008d1ce85ecd97b4c9849685c1c82edfceb23c7ad9f056a23feb9ffe8c5ad9b7852da1114630a39c54bbaa2fadcd52b2b1ceea2dff001597863feb9dc7fe8b14f95bfe2e35b9ff00a86b7fe875bfba8dd45c2c719e1ef10d869116ab1df3c9113a84cc8de5b32bf3d14818cf1d3dea14d32fdfc266ec5b3f9a751fed116a47cc5377ddc7ae39c5773ba8dd45c2c723afeb16be26d24691a61926b9ba740e3cb65f2143062cd91c6318a97c568de21ba8bc3b6bb3cd41f68b89d86442003b47fbcc4fe55d4eea375170b189a36bd6e9e1f95ee93ecf269cbe55cc28b9d8578c803b1ea2b761b84b88239a324a4881949041c1191c1a6eea3752b9472e2e3fe11ff115f4f7514ad05c8dc8e8b9192738fe62ae785e1977dfdfc91b46b7526e4561838049cffe3dfa56e6ea375170317c564ad9dace412b0dcab37b0e697c576f35de991496e86430c8242abc92b8ea3d7b569dd411de5ac96f32ee8e45da47f5a8b4e827b4b35b79a51294255580c1dbdb3ef4c0c0bbbfff00848b52d392d20942c2fbe5665c05e41c67f035d7eea8b751ba80392f0ed8c7a96877f6d263e6972adfdd6c706a2f0d2ce9e24b88ee49f396131b1eff002ed03f402bb2dd46ea570382b78a2d31a7b4d49b5088ee3b3c86c2b8e9d3bd6bdce9d11f06c8b045347b5bcf559f1b81079e9ed9ae9b751ba8b81c39867fec41ae7fcbd7da7ccddfecfddfcb35d2f86adc59e83016f959c195c9f7e9fa62b4f7554d4609ef2cdade19445bc857623276f7c7bd17033fc244b59ddce010b35c332fb8e2a4d71bfe26fa07fd7e37fe8a6ad1b5b78eced63b78576c68b803fad47736515ddc5a4d216dd6b2191369c0dc54af3f8134ee05b9de516f29b70ad3043b037dd2d8e33ed9ae4e6d7343d42c962f11d9ac57cabb5e092dd8b6eff61803907b60d757ba8dd45c563837d3b53b8f0441e6c572e2daf04f1c2cc44de4027033d7700491deaddaaf872f6facd2da4d4ef2e1655711b4b2b0848e773063818aec7751ba8b8ac60686dff158789bfdfb6ffd166ab688af2c3e298d01667bd99540ee4a802ba8dd46ea2e163846be827f859716b1bb79f6b02c73a329528db870723daad6b7ae5b6ade1efec5b3495f51b95488c0d132b45820966c8c0031d6bb1dd46ea2e1639abe6fec3f13daea772aed62d67f6579954b794c1b20b01c807d692deee3d6fc5d06a569b8d8595b3ab5c32955766fe104e3200e735d36ea375170b1c15ccb35e6acde3082d91ecace4112a6ccb4d1ae434a3dc13c7b0f6aed0eb765e758c6256637cacd032a12ac00c9c9edc1ef567751ba8b8588f5089aeb4eb9b74fbd246cab9f522b8f4d4da2f0e36886da7fb6f28176f505b39fd6bb4dd46ea5728834a81ecf49b5b79387440187a1ef5737545ba8dd4c097751baa2dd46ea0097751baa2dd46ea006df37fc4bee7feb937fe826bcb74b1d2bd27539845a55db9380b0b1ff00c74d79c696a702811b4a3e514ec500714b40098a314b4503131462968a004c518a5a2801714629d8a314806e28c53b1462801b8a314ec518a006e28c53b1462801b8a314ec518a006e28c53b1462801b8a314ec518a006e28c53b1462801b8a314ec518a006e28c53b1462801b8a314ec518a006e28c53b1462801b8a9ad2e4d9dd2cbc95fbae3daa3c5211914c0eb12559115d1832b0c823bd3b7572705e5cd967c960c8792adc8ff00eb55b1e25445fdedac80f7da411fae2901d0eea3757387c556e3fe5dae3f25ff001a3fe12bb6ff009f5b8ffc77fc6803a3dd46eae73fe12bb6ff009f5b8ffc77fc68ff0084aedbfe7d6e3ff1dff1a00e8f751bab9cff0084aedbfe7d6e3ff1dff1a3fe12bb6ff9f5b8ff00c77fc6803a3dd46eae73fe12bb6ff9f5b8ff00c77fc68ff84aedbfe7d6e3ff001dff001a00e8f751bab9cff84aedbfe7d6e3ff001dff001a3fe12bb6ff009f5b8ffc77fc6803a3dd46eae73fe12bb6ff009f5b8ffc77fc68ff0084aedbfe7d6e3ff1dff1a00e8f751bab9cff0084aedbfe7d6e3ff1dff1a3fe12bb6ff9f5b8ff00c77fc6803a3dd46eae73fe12bb6ff9f5b8ff00c77fc68ff84aedbfe7d6e3ff001dff001a00e8f751bab9cff84aedbfe7d6e3ff001dff001a3fe12bb6ff009f5b8ffc77fc6803a3dd46eae73fe12bb6ff009f5b8ffc77fc68ff0084aedbfe7d6e3ff1dff1a00e8f751bab9cff0084aedbfe7d6e3ff1dff1a3fe12bb6ff9f5b8ff00c77fc6803a3dd46eae73fe12bb6ff9f5b8ff00c77fc68ff84aedbfe7d6e3ff001dff001a00e8f751bab9cff84aedbfe7d6e3ff001dff001a3fe12bb6ff009f5b8ffc77fc6803a3dd46eae73fe12bb6ff009f5b8ffc77fc68ff0084aedbfe7d6e3ff1dff1a00e8f751bab9cff0084aedbfe7d6e3ff1dff1a3fe12bb6ff9f5b8ff00c77fc6803a3dd46eae73fe12bb6ff9f5b8ff00c77fc68ff84aedbfe7d6e3ff001dff001a00e8f751bab9cff84aedbfe7d6e3ff001dff001a3fe12bb6ff009f5b8ffc77fc6803a3dd46eae73fe12bb6ff009f5b8ffc77fc68ff0084aedbfe7d6e3ff1dff1a00e8f751bab9cff0084aedbfe7d6e3ff1dff1a3fe12bb6ff9f5b8ff00c77fc6803a3dd46eae73fe12bb6ff9f5b8ff00c77fc68ff84aedbfe7d6e3ff001dff001a00e8f751bab9cff84aedbfe7d6e3ff001dff001a3fe12bb6ff009f5b8ffc77fc6803a3dd46eae73fe12bb6ff009f5b8ffc77fc68ff0084aedbfe7d6e3ff1dff1a00e8f751bab9cff0084aedbfe7d6e3ff1dff1a3fe12bb6ff9f5b8ff00c77fc6803a3dd46eae73fe12bb6ff9f5b8ff00c77fc68ff84aedbfe7d6e3ff001dff001a00e8f751bab9cff84aedbfe7d6e3ff001dff001a3fe12bb6ff009f5b8ffc77fc6803a3dd46eae70f8aedf1c5b5c13ff01ff1acfbcf11dfdc864b6896dd4f1bb3b9bfc051602cf8b7565687fb3207dd2390662bfc2bd42fd4f15916106c5048a8edac4ef2ef96627249e4935a91c615702988701c518a7628c5218dc518a7628c5003714629d8a31400dc518a7628c5002e28c52e28c5002628c52e28c5002628c52e28c5002628c52e28c5002628c52e28c5002628c52e28c5002628c52e28c5002628c52e28c5002628c52e28c5002628c52e28c5002628c52e28c5002628c52e28c5002628c52e28c50034ae7ad30c4add454b8a3140101b743da93ecc9e82ac628c50057fb327a0a3ecc9e82ac628c50057fb327a0a3ecc9e82ac628c50057fb327a0a3ecc9e82ac628c50057fb327a0a3ecc9e82ac628c50057fb327a0a3ecc9e82ac628c50057fb327a0a3ecc9e82ac628c50057fb327a0a3ecc9e82ac628c50057fb327a0a3ecc9e82ac628c50057fb327a0a3ecc9e82ac628c50057fb327a0a3ecc9e82ac628c50057fb327a0a3ecc9e82ac628c50057fb327a0a3ecc9e82ac628c50057fb327a0a3ecc9e82ac628c50057fb327a0a3ecc9e82ac628c50057fb327a0a3ecc9e82ac628c50057fb327a0a3ecc9e82ac628c50057fb327a0a3ecc9e82ac628c50057fb327a0a3ecc9e82ac628c50057fb327a0a3ecc9e82ac628c50057fb327a0a3ecc9e82ac628c50057fb327a0a3ecc9e82ac628c50057fb327a0a3ecc9e82ac628c50057fb327a0a3ecc9e82ac628c50057fb327a0a3ecc9e82ac628c50057fb327a0a516e83b54f8a31400c08074a7629714628013146297146280131462971462801314629714628013146297146280168a5c518a004a297146280128a5c518a004a297146280128a5c518a004a297146280128a5c518a004a297146280128a5c518a004a297146280128a5c518a004a297146280128a5c518a004a297146280128a5c518a004a297146280128a5c518a004a297146280128a5c518a004a297146280128a5c518a004a297146280128a5c518a004a297146280128a5c518a004a297146280128a5c518a004a297146280128a5c518a004a297146280128a5c518a004a297146280128a5c518a004a297146280128a5c518a004a297146280128a5c518a004a297146280128a5c518a004a297146280128a5c518a004a297146280128a5c518a004a297146280128a5c518a005c518a7628c5003714629d8a31400dc518a7628c5003714629d8a31400dc518a7628c5003714629d8a31400dc518a7628c5003714629d8a31400dc518a7628c5003714629d8a31400dc518a7628c5003714629d8a31400dc518a7628c5003714629d8a31400dc518a7628c50037155a7bfb6b790a4b232b01920231fd40ab78a8e71fe8f2ffb87f9500568f53b4959523919998e07c8dcfe38a9a19d2769026ecc6e51b23b8a8b4a1ff12bb7ff0077fa9aa7691dcc935e886758944edced0c49fc7b5311ad8a31594f7d71fd8d34fb956789f616503048603383ec6ad6a13c904113c6db59a5552700f07ad2196f1462b3e792edf53fb34132c6be56e24a06c73d4525cdc4d1dd476c6e561529b8ccca3e66f419e07ad30347151cf32c10bcaf9daa3271d6aba5c4f059cd2cec928404a3af01c76e9d2aa5da5eb69524d25c2b2b26e68f600141f43d73401aa8c1d15c746008a762a8caf2a5a5bf972c50a151be47fe1e3b03d4d32d2ede5ba92d85caccbb372caaa0153d3040e2901a38a315962fe51a4bbb1cdd2b98b80396ce0715a71abac4a246dce146e6c6327bd00473dcc36db3ce7dbbced5e09c9a971599abc22e24b488f01d9973e8714f8af8a692d349feb6205181fef0e3f5e29816a2ba8669a48a37dcf1fdf183c7e35362b234a80dbdf4c8d92fe52b393fde3c9fe74e9eea78c4aef7f04522e4ac0006c81d89eb9a00d5c518ace7bc942d95cee0b14a42c8b818cb0e0e7eb53473492ea72c6aff00b985006181cb1e7afd29016c90a0924003a935145730cecc9148ae571bb69c819f7fc29f2c293c663910321c12a7be39aa364891eab7e88aaaa04780a3007cb4016a7bb82db689a40a5ba0c124fe029d04f15c26f8640c338c8ed546e1cc1abac88866668b6945fbca33d7d2974c3bee6ee523cb76650d11eab81c13f5eb4c0d1c5413de5bdb3049640ac46428049c7d0559c55610c36cf3dd3360b60bb31e807614807c33477118789d594f71508d4ad0c9b04ebbb38ce0e33e99e95522575d3afae4294136e745e9818ebf8d48f127fc23fb368c0837631df19cfe74c0beec91a97765503a963814d8678ee14bc2e1c03b491d3351430c775656ed322c8422b0ddcf38eb50e90a161b8000005c30007e148090ea56aac54bb641c1fddb7f854d6f7315d2b342e5829c1ca9183f8d17738b5b59253c951851eadd8536c6dcdbdaaa373237cce7d58f26801f34f1dba6f99d557a64d320bc82e4b08640c57aae0823f0355b54f924b5940deeb27cb1776e3b7b8a6c2e6e3580f22340cb110aadf79867afa605311a44850492001c926aaa6a568f20459d49270382013ec7a549f677916749e4df1b9f9428da557d3359fa8c8a601642178a3dcaa2665c2a807a8340cd29e78add37cce1467193de9b05dc172584320665eab8208fc0d55d4ff77359ca0798e8e42c5ddb23923dc75a6dbb19f5767910c2cb16d08df79867afa62811a248552c48007249ed559351b492408b32924e0704027d8f434ffb3bcb14d1dcc9bd1d8e028db85f4aa1a848af12d9885e24deaa2665c2ae0f5068197e7bd82ddc24aeca48cf0acdfc85362d42da798451bb176c900a30e9f5156f159f65fe957735e1fba3f7517fba3a9fc4d202ec8eb146cee70aa324fa0aa6356b238fdf100f728c07e78a9afc7fc4bee3feb9b7f2aa76fa8daad8c519dcec1029411b1cf1d3a62988bd2dd430402691c088e30c0120e7e94f465750ea72ac320fa8ac592078b42892652332a9da7f8416e9576c25fb3c13dbcadcda92327aedea0fe54016bed30fdabecdbff7d8ddb307a7d7a54b8ac3b2476d521b893879d5a4c7a0e807e42b7b14863714629d8a31400dc518a7628c5003714629d8a31400dc518a7628c5003714629d8a31400dc518a7628c50018a314ec518a006e28c53b1462801b8a314ec518a006e28c53b1462801b8a314ec518a006e28c53b1462801b8a314ec518a006e28c53b1462801b8a314ec518a006e28c53b1462801b8a314ec518a006e28c53b1462801b8a314ec518a006e28c53b1462801b8a314ec518a006e2992a1686451c92a401f854b8a31401534f86482c218e45daeab82339c734db1b79217ba322ed0f3332f20e47ad5dc518a00c95d3e67d32eaddc057924664c90723208e9f4a6dca5fddc51235aaa04752c7cc0738f4ad8c518a60521049fdae67dbfbaf276eec8eb9ce314972b7226cac2973032e0c6c42907d79eb57b1462901976fa7c86daed245585673f246a7704e2992a6a1269ed6a6d932176eff306180f41ebf5ad7c518a6065dc5adc06b49a3896530a6d689980e703904f19a75bc172da91b89a158d0c5b42ab02473deb4b14846411eb40190d6dbb5dd81bf77813baff00b43207f8d5db5b87b892e0155091bec561df1d69f6d6715aee29b9998e5999b731fc6a70aaa30aa1467380314014af6de496e6d1e35dcb1c9b9ce40c0c5412e9f23ea6187fc7ab3095c647de00f18f7e2b571462901462b791755b898ae23745556c8e48f6aa715b5ec16b25aadac6c5b70f3cb8f9b39e48eb9adac518a6066bdb1fec3304c02b2c5cf3d08e41cfe14fd2a275b212487324c4c8c7ebd3f4a9ee6ce3bb0a242fb54f2aad80df5f5a9c2850000001c0028013154edede44d4af2565c4726cd8d91ce1706af628c52033a586e20bf6b98631289142b2ee0a411dc678a228e589eeafae15632c9c2039da14773eb5a38a42aaea5480ca7820f4340105a48f3dac72c8a159943103b552bc4ba9aec036ad2daa60850ea3737a9c9e83d2b570074a314014c79d750cb0cd6cd0ab21504bab673f4aa862bf6b2fb098500dbb0cdbc636fae3ae715af8a314011c5188a248c7dd550a3f0aada7412411cc245da5a6665e41c83d0d5dc518a00a371049717d002b8b78be72723e66ec31edd6ae629d8a3140146f2de669e0b981559e1dc0a31c6e046383eb4c486e6e2fe3b89a210ac2ac15778666278e71dab471462802a30b99a2b88f0216ce2270d9c8f5f6aab3a5fddda9b692dd5376034a5c1181dc0eb5ab8a3140142e6da559adee2dd43b420a94638dc08ec7d69b14371717e9733442158d4aaaef0cc49ee71c568e28c5005471733c13a604326e22360d9c8ec6ab4e97d7b6df6592dd630d80f2ef04601ce40ebdab531462802adea4c6cd92dd7748c3682481b41ea6a482058204893a2a802a6c518a00af771bcb673220dccc8428e9938a5b48da3b4851c61954023d0e2a7c518a00a3a9c125c5aaa44bb983ab6320700fbd41a8d84d3dca3c270b22f973738f9720e7f98ad5c518a00a0f6ce35482544022488a9208e0f618abb8a7628c5003714629d8a31400dc518a7628c5003714629d8a31400dc518a7628c5003714629d8a31400dc518a7628c5002d14b8a314009452e28c5002514b8a314009452e28c5002514b8a314009452e28c5002514b8a314009452e28c5002514b8a314009452e28c5002514b8a314009452e28c5002514b8a314009452e28c5002514b8a314009452e28c5002514b8a3140094553d5af5f4fd364b98d15994ae0374e580feb5359ccd736504ec0069115881d0645004d452e28c5002514b8a3140094554b6b8bc92fa78a6b5f2e04ff5726efbd573140094552d57511a5d97da0c7e61de142eedb9cfbe0d55b6d5afe79e347d1e58d19802e5f2141eff00768b01af452e28c5002514b8a82eee05adbb48577312151475663d05004d45655d6a17f6651069ed74c5373bc6c5541c9e3a1e95520f125d5d217834892550704ac9900ffdf34589b9d05159b1eac5b5a6d3a4b7f2c85dc8fbf3bb8cf4c7a67f2a351d5fec57b6d6a9079b2cc718dfb76f3807a1f7fca8b1469514d99fca864931bb6a16c6719c0cd54d2752fed4b46b8f2bcac395dbbf774039ce07ad005da2a8699aa7f68c9729e4f97e4bedcefddbbaf3d063a5686280128a5c518a004a291d58a3056dac470d8ce0d416570d708cb22859a26daea3a67d47b1a00b14543773fd92d649f66eda33b738cf353e280128aaf6f75f68bab98766df2595776eceec8fd2ace280128a5c50738e99a004a2ab3de182c1ae6e2168cafde404311ce3ad5a072a08efcd002514b8a314009452e28c50025159361af4779a94b64d1794ea5821df9dd83cf618f5a98ea98d6c69be4f54dde66ff6ce318feb458573428aa97d7df637b68c47e6493c8115776dc0ee7a1e946a7a8269964d70c9bc82155738dc4fbfe740cb74555d32fd752b15b954da492acb9ced23deade280128a5c518a004a297146280128a5c518a004a297146280128a5c518a004a2971462801d8a314628c50018a314628c50018a314628c50018a314628c50018a314628c50018a314628c50018a314628c50018a314628c50018a314628c50018a314628c50018a314628c50018a314628c50018a314628c50018a314628c50018aa7aa8ff00894ddffd726fe55731553551ff00129bbffae4dfca803958b4c47f0c8d404f2acf18665f9be550188c01dbfc6af5e5d25ce8fa79b9b89d5a61cc50ae5a53d3fcfd6a2d2b447d4747809bf992062c5e1032a70c7a73c74f7ad8bed0e2ba8ad96195ade4b6188d9467038ea3f0a6c464692cd6be2216d124f0c124658c331c90719cfe949a7d90f1035ddd5dcf286572b1aab6027e15a76ba13dbea71df497ef33aa9560ebcb6411c1cf03da9b378789b8964b4be96d966399114641fa723145c563245d4d73e10bb599cbb4522a8627248dca7ad4977f7bc3dfeeaff35ad87d0a11a2be9d0c85158866919771241072471e98a2ef424bab1b487ed0c92db28092aafb0ed9f61de8b858a57bff0023958ffd733fc9aab5a59ff6f5ddf4b7534a0c4fb63556c05ebdbf01fad68c1a03c5a9417b25fc933c60860e99ddc11c1cf039f7a2e3c3c5eea59ad2fa5b6131cc8a8321bf51ef45c2c51d4def74ed062b76ba123bcbb3cd52721719c67fcf156e2d08d85edbcd6776ca33fbd591b3bfe9fafe9564e8168749161f36d0dbb7ff0016ef5a8adbc3e52ea2b8bbbe96e8c3cc6ac3017f5345c666da4cd6fadeb5328059119803ea0d456fa77db345975596e653740332b07fbbb7b7e95bd6da3adbea57774d28905c820c6571804fae79aa67c32543430ea13476ac72d0819fd73fd28b8ac4051b5cf0eda89ae52190bfde7fe22a4afaf5a5964bfd1f55b4492f5ae61b96dacacb8c72071e9d456a5ce8b6d71a74765f32245828cbd54fad56b6d00a5e4773777b2dd345f7030c05fd4d170b1b38a3154c5938d51af3ed5218ca6df23f841f5ff2292d6c24b79ae9daee5944cd9556e89d7a7e748a2ee2b3750f9aff004e43f74c8cc7ea07153e9d64f636ed1c97325c12e5b73f51edd4d375389cc715c46a59e07126d1d597b81f85302d38fddb7fba6b07c1ff00f20c97feba9fe42b791d2e210f1b86475c86154b47d2bfb26d5e1f3bcddcdbb76cdb8e00c753e94019be2243697b65a9ae7f76e15f1e9d47fecd4db2c6a5e29b8bafbd15b2ed43db3d3ff8a35b7a8d926a16325b3b6d0c386c67690720d43a4694ba4dab4224f3599b7336ddb9f6c64d2be84d8b17609b2b8c7fcf36fe46b23c23ff002087ff00aeadfc856f100820f20d613786da391fec5a84d6d1b9cb46a323f0e45328a5a22ccf0eb0b6cd8959c846ce39f9bbd528a28ad8c5f6b37965781fe6b8605958d74f6da2dadbe9b2590dcc927df627e627d6a91f0dbba4704fa8cd2daa1cac45003ff7d668b936286b33bdceb62ce45b896dd10131c1d58919cfeb4ba7add4116a30986e52ccc0cd189c72a71d33f89ad8d43444bc9a3b88677b6b88c6d574f4fa516da43c305c24d7d2cf24e850b3f45e08e173efeb45c2c6578634d492186fde590b46cca899f9402083fccd6b45f26bf70abd1e0566fa8381fa54ba6580d2ac040660e14b3162bb7afe269b60a67b9b8be208590858f3fdd5eff89a4c62eae3fe25371fee8fe62af62aa6a91bcba6ce91a9666030aa324f22ade2819916ff00f1f5abfe1ffa09aad158c2da08b962e6658cb2b6e395c7403dab563b1f2e5bb7f333f68c71b7eef047af3d6952c76699f62f333f214ddb7d7be334c0a32b3245a7df9392a15646f55618c9fc6a6b61f68d46eae4f48c7929f872dfad59364afa77d8d9b2be5ecdd8f6eb8a75a5aada5aac0ac588077311cb13d4d006118237f0a248c80ba03b18f55cbf3572fc7d92cededed919566902b2c670c475201f5356934c55d27ec0d2161823705c7f167a539f4f69ecc41713b3bab065955429523a1c50050861921bd81ed6ca681376d943302aca7bf53c8a2e6df1773bdedb4b3c6c7f76f192762fa601e0fbd68456970b32bcf7ad2aafdd5540a0fd71d698da7cc92c8f6d78d12c8db994a0619f519e940096f04377a74486669e30432b9241383c67e957f15512c0c166b6f6f3b4655b717c062dce4fe756f1480e1a0b292e24d4ae6dc91716b3874c77196c8fd07e55734ebd5d47c510dca8c16830c3d1829cd6e699a4ff00674f75279de67da183636eddbc938ea73d6a0b7d012cf567bf865f9486221db80091fdecf4cfb53b936122ff004df1348ff7a2b38f629edb9bafe9915435fbc85b59b4b599c2c10b092538279eb8207b0fd6b6748b192ced5fcf656b896469242bc8c93daa1b6d0e38f50b9bbb975b9698f0ad18c28cfb939ec3f0a571999e1ebc85356bbb485c3412b19223823f0c1f63fa57518acab9d0e37d46def2d9d6d9a13caac630c33ec463b8ad5c50c618a314628c50018a314628c50018a314628c50018a314628c50018a314628c50018a314628c5003b1462968a004c518a5a280131462968a004c518a5a280131462968a004c518a5a280131462968a004c518a5a280131462968a004c518a5a280131462968a004c518a5a280131462968a004c518a5a28013148c8aca559432918208c8229d4500312348902468a8a3a2a8c01f853b14b45002628c52d140098a314b45002628c52d140098a314b45002628c52d140098a314b45002628c52d140098a314b45003151546d550a3d00c53b14b45002628c52d140098a314b45002628c52d140098a314b450035915d4ab00ca46083d0d000000030076a75140098a314b45002628c52d140098a314b45002628c52d140098a314b45002628c52d140098a314b45002628c52d140098a314b45002628c52d140098a314b45002628c52d140098a314b45002628c52d140098a314b45002e28c53b1462801b8a314ec518a006e28c53b1462801b8a314ec518a006e28c53b146280337569e782280412796d24ca85b686e0e7b1a86edefb4d885cc9742e225601d5a3553827190453b5d56686d155f6b1b8501b19c1e79a82eade68efad16fae5a7b567c0f955407edb80ea2981a973796f68019a40a5bee8c124fd00e6912fada4b769e393746bc3155248fc319aad7323beacb05ba44b308b719a45dc76e7a0151699bc6afa886911db09b99176a9383db269012586a42f6094b36d914b1c846c051d0f3dfdaac5b5c20d3d2796e15d76e5a52bb41f7c76aa9a5ff00c826ebfdf96aa71fd8fa5799fea7cd5df9e98e719f6a606b41a8da5d49b219833e321482a48f6c8e6a55b889ee5edc3832aa8665c7406a8eb1b77d96dc79df685d98eb8eff00856980bbce36eec73eb8a4067eb173796d643ec16fe6dcc8eb1a6412a993cb363b0accb99f56d16eac5ee6fd2f60b99d6074302a152dd0a95edec6b7ee6e21b3b692e2e2458e28d773b37402b174fb79f58be8f57bd8da3b78f3f62b76ea01ff00968dfed11d076142037b15cd5bcfaceb46eee6cafa3b482199a28633087f30af04b13c804fa574bb9776cdcbbb19db9e71eb5cec9a75f68cd772da6a36d6fa7cced3399d0b342c7ef6de707d81a10166c6eaeb5cd122961b96b1b90c565288af8652432e1b2319e6b3b555d6ac5ed21875d965b8ba98468a6da2181d598fcbd00abbe0fb67b7f0f44efbb74eef30dff78866e09f72307f1a6e967fb5bc4379aa1e6ded736b6fee472edf9e07d29889af5b55bad5bec56721b4b74883bdd188396627855cf1ee69348bdbefed5bed2efa449dedd55d27540bb95bb328e01fa55ad5f54fecf48e1813cfbe9ced8201fc47fbcde8a3b9a4d1f4b6d3a191e693cdbcb87f32e25c7de6f41fec8e8050326d4a692dec259626daea570700f5603bfd6ade2a8eb23fe25537d57ff4215a18a4050d3ae259e4bc123ee11ceca9c0185f4a417129d6dadb7fee8401b6e07dedd8ce7ad45a510977a8c4481279e5b69ebb48e0d11112788e66421952dc2b11d8eece280253ac580504dcae0f1f75b8e71cf1c7e34cd56775b18e486423748b8643d4135168821fec87dfb76ef7f333e99eff0085521bbfe119b7ce71e78d99ebb771c530376e6ee0b450d3c8a818e00ea4fd00e4d16d7705dab34122b853838e08fa83c8aa476ffc249fbcc67ecffbacfae79c7bd0368f121f2f1ff1effbddbeb9e33ef8a404f26a96514a637b850ca70d804807dc81815624b88a184cd23aac4067713c5632492cfa44f3c46daded9837c9b32c7a8e4e4609a493074ed1cc98f2b7aeecf4e9c669813cfa9473dd592dadc121a5c3a8ca9231dc1ed5a497113dc496eae0cb1805d71d01e954353d9fda3a6fdddfe69fae31fcab5005dcd8dbbb8ce3ad2020bd7ba8ed59ace049a7c80aaefb57af527dab2742bed46e753d52d751784b5ab4415615c28dca58f2793dbafa56fe2b9ed17fe469f117fbf07fe8068405cbad3f529ae5de0d6a5b78db1b625b78d82f1ea464fad52d026d427d475013ea0d75696ee214668957738e58fca0703a55fd7b516d37499658c6eb87c45028eacedc2ff8fe152e91a72e97a54168082c8b976fef31e58fe249a3a006ad70f67a45e5cc6db5e285995b00e0807079ac5d323d56f23b791bc4ead232ac8f02db445802012a71c8f4cd6cead359268f7125e8325994c49b3272a4e3b73dfb573be22d334ed3b48b7bdd2e08a1ba8e58feccd0f0642580db9fe2041342259ad76faaddeacd676921b3b68a30cf72620e5d8ff0aeee38ef49a35edebea5a86997ce93496bb196755dbb958123701c03c558d5f54362b1dbdb279f7f3fcb0423ff00426f451dcd3b48d2ce9b6ee6593cdbb9dfcc9e63fc4dede8074029941ad6a4348d2a5bb31ef75c2a27f7989c01f9d673db78963b437435285ee15777d905baec3df686ceecfbd3fc63148fa109911985b4f1ceeabd4aa9e7f9e7f0ab57ed35ed825ee9fab7d9a158d9cbac6aeae319192c38c60fe74014b5bd56f60f0aadfc21acee98c60ab28250b30046187d7b541aabeb5a0589d45f555bc8a265df04b02a6e52c07cacb8e79aa5a9dd5c6a3f0e60b9ba90bcd2b217600293fbcc74031536bfa245a6698da88d42ea592d58491a5dca2446607a1523a9ed408eb81dca0e08c8cf355ade691efef2266ca465360c0e32b9353db48d3dac52b214674562a7f84919c554b41ff135d47eb1ff00e8348626af7135bdac6d03f96ed2aaeeda0f073d8d453b5fe9f19b86b85b989797568c2b05ee4114ed747fa2c1ff005f09fd6a5d5e64874d9958fcd2294451d598f1802802c3dd431db8b8924558880431ef9e94cb6bfb6bb6290ca1980c9520a9c7ae0d674d19866d1e39f0225cab67a6eda36e7f1a9b510bfda5a7f978f3fcc39c75d98e73ed401752ea092292457cac4595c9046d23ad21bcb7167f6b320f2319dd83d338e9d7ad645d9682f2eac1723edac8cb8ed9386fe54d31ec9c69207cbf69122af6f2f1bbf98a606bcda85adbb8496508c53700c0f23f2ebedd69d6d796f788cd0481c29c370411f5079aa6c8ade25525412b6f9191d0eea5b7017c43760003312938ee6900ba45c33e911cf712124162ccc7b063d4d4d06a56771288e39d59cf40415ddf4c8e7f0ac54ff9172d377faaf3c799e9b771ebedd2b4b5b09f618bcbdbe6f9abe4edf5cf6fc298172e6f6ded31e74814b7dd5c124fe039a75bdcc3751ef85d5d41c1c763ee3b5539e491f57105ba42932c5b9a5914b1db9e8071552d3ccf3f59024579422e1a35c02db5ba0c9e7fad202d5deab6a219e38ee544aaac0119e1b1ebd3352dadda258d9b4f21df32aaa96c92cc455587c8ff00845ceddbb7c83bbfdec7f3cd5dd3827f665a6edb9d8bb73eb8ed4016b15c9c573a96a17d7d8f10258c71dd3430c4d046c582e3a16e4f5aebb15ce41a5787352b5bdb85b5888691c5c3c8086561f78e4f2beb42036ed229e0b58e3b9b93732a83ba52817773fdd1c0f4ac9d42f2fae35b8f49b09d6d8884cf34cc81d82e701541e339f5a3c2571249e19b47b890b72c88ee70594310bfa62a5d4b49ba93528b53d3ae238aed10c4cb329649109ce0e39041ef4c066957b789aadce93a848b34d1a2cb14ea9b77a138f980e0107d2a959dc6b5add9cba959df456f116616f0790ac1d54919663cf2476a6e8915c5cf8aafeee5ba5b9115bac0d246bb50393b8aafa80073cf5353f83e68edbc268933aab5a34ab3027ee90cc4e7f03408d3d1351fed7d1adafb6856953e651d030241fd41aa9abea376ba8dae95a718d6ea75691a591772c483f8b1dc93c0a6f832278fc2965bd4a96dce01f466623f422a1bd75b2f1b595cce4241716ad6e8edf74386dd827b6452ea3246fedbd32ead9a4b9fed3b595c472816e11e2cff0010dbc15f5cd47aa4fa8cbe26b5d36cefcda46f6cd2b15895c960d8fe2151f8867d534c9adee61d55bca9ae92216e614c0563ce1b193d3f5a8f57b217de36b280cf3c23ec6cdba07dadc31e33e94c45ab6bbd4ac3c436fa65e5dade4573133a49e504642bea178c1f5ae8315ca25a2e87e2cb08e1b896e8df23a482760f222a8c860d8c819edd38aeb71498c6e28c53b1462801b8a314ec518a006e28c53b1462801b8a314ec518a006e28c53b1462801b8a314ec518a00314629d8a31400dc518a7628c5003714629d8a31400dc518a7628c5003714629d8a314010cf6d15c0412a6ed8c1d79230c3a1e289ede2ba85a2990321e48c91fa8a9b1462802a5c69d6b7617ce883951856dc4103ea0e69d0595b5ab33c312c6cca14edee0559c518a00a89a7db472cb224415a504390c7073d78ce29eb6702da8b611a9840dbb5b918fc6ac628c50053b7d36d2d64df0c2aaf8c0624b103db278a996da24b97b80804aea159b27902a6c518a00a7a8e9b69aadafd9af62f361dc1b6ee65e474e5483544785348041104d91ff004f52ff00f155b58a3145c0abf60b6fed0fb7f943ed5e5f95bf27eee738c74eb505d689a75eddadd5d5aacd2a80aa5c92a00ff6738efe95a38a31400c640c850e4291b7e538e3d88e950d9595be9f6b1db5ac62285010aa0938c9c9e4f279356714628032efbc3fa6ea5762eaea0669c2040cb33a9dbd71f2b0f5a759687a7e9d399ada391642a572d3bb8c7d1988ed5a58a3145c0ab7f6cf77652408c1598ae0b74e181fe956314ec518a00a973a75addb879a15661c0604a9fcc5496f6b0dac7b208d517a903bfd7d6a7c518a00c3d374881ec81bbb6225dcd90c4a92371c640ebf8d6a4b6904d0ac322031a905541200c74e95631462802bdcd9c17681678d5c29c83c823e847228b6b382d119608d5031c923927ea4f26ac628c500503a45834ad21b652cdc9e4e09f5c74a9cd9db9b516a635308180a7918ab18a31401462d26c616478e00191b72b6e6241fae7f4ab096d125c4970a80492001db27903a54d8a31400dc55782c6dadeeae2e628f6cd7254cadb89dc5460704e071e956b1462802adcd85b5dcd04b3c7bdeddf7c596202b6319c03827ebd2ac320652a40208c11eb4ec518a00a96da75ad9d88b186055b650544672c3049241cf5ea6aa5b786f49b4b95b886c916553952599829ff6549217f015ad8a31401957be1fd3351bbfb55cdbb34fb42ee599d7e51dbe5615258e8761a6ccd35ac722bb2ed25a77718fa3311dab4714628b80c2a194ab00411820f7ac86f0ae88f21736083277150cc149ff00741dbfa56d628c50052bbd2ecefac7ec37102b5b7cb88d495031d31b48c5538bc2fa34332ca2cf7329caf9b2bc801f5c33115b38a3145c06e2abc16cf15edd4e594acc57681d46d5c7356b1462802bdcda4379108e74dc8086c6e239fc2a2834bb3b790491c0bbc746662c47d324d5dc518a00867b78ae2231cc8ae87a861515b69f6d68ccf0c41588c1624b1c7a64d5bc518a0081ed617b88ee1901963042b64f19eb41b688dd0b9283ce0bb4364f4f4a9f14628021fb3c5f69fb4ecfdeecd9bb27eee738c74a05bc4972d701312b28566c9e40f6e953628c500578ace086d7ecc91a8879f9492c39393d6a2834bb3b79449140aae3a124b6dfa64f1f855dc518a00a973a7db5e32b4f12b15e8d9208fc453e0b2b6b566682258cb001b6f703a558c518a00a2da4583c8ce6d9496ce7938fae338cd4a6cadd9218cc60ac2418c64fca474fafe35671462801b8accb9f0e6937970d3cf648d231cb956650dfef00406fc6b5714628029dc69967756f15bcd6ead142ead1a8ca852bd318f4a5bfd3ad7528561bb8fcc8836edbb9979f7c119ebd2ade28c50057b6b4b7b38160b68522897a222e0552b9f0e69377726e26b246958e5886650c7fda5070df88ad5c518a006222c6811155554615546001e82a1bbb2b6be80c1750a4b1b7556191567146280326d7c37a4d94eb3c366a255fb8cecce57e9b89c7e14fbfd0b4ed4ee127bb819e545daacb2b290b9ce3e522b4f14628b8ac66d8687a769b2192d2d95246182eccccc47a6e624d68629d8a3140c6e28c53b1462801b8a314ec518a006e28c53b1462801b8a314ec518a006e28c53b1462801b8a314ec518a005c518a5a290098a314b45002628c52d140098a314b45002628c556d4bfe41977ff005c5bff004135c568da7e8b7363befeefca9b711b7cc0bc718e08a6901df6298ee88543baa963b5771c64fa0ac2b8d5edfc3f1d8d9dbdbb5c40e994657cb609ec31cf5f6a8351bf8ae62d326bcd3a4591ae0aa234854ae08193f2f39e0e28b0ae74f8a31595a8eb6b67762ceded64baba2bb8a21c6d1ee706996fe208e7b1bb9beced1dc5aa969207383c7be3dbd28b0cd8c518ae6cf8b1c5ac57274a9becec70d26ef941ce300e39fd2afea3af416505bbc7134f2dc80d146bc120e3afa75a5662b9a4668966588c882461908586e23e94fc572115dbde78d2c5e5b692da411b2b46fd7eeb723d4569cde227fb45c25a69f2dcc76c4895c305db8f41839e869d8573731462a0b1bc8efed12e635650dfc2c30548ea0d563ff230affd7a9ffd0a828d0c518accf11ffc8bf79fee0ffd08563f83e7781a5b097f8916e233ea0819fe9f91a2da01d5e28c5701793bdef8922bbcfee8dd2c51fb8523fc73f8d7590eae5f5d974c92dfcb654dcafbf3bc707a638e0faf6a1a26e69e28c566e93ab9d564b9d96fb2185f6ac9bf76febdb1c718fce9352d02cf559d66b8328654da36b00319cfa7bd051a78a315c3787341b3d5ace596e4ca1964da36b0031807d3deb727f107977525ad8d84b7860f96465380b8fc0e68689b9bb8a3158fff0009040fa1cba9c3133f9442b44cdb4824818cf3eb9a860f123cf6b3dc8d3e558a284c8199b0acc3195071fafb74a5663b9bd8a31589a778885f92ed6524302c6cef3b1ca823a81c73fe78a80f8afe537034db83641b6f9f9f7c74c7f5a2cc2e7458a3158da878812cae2d123b66b84b940cac8dce0f4c2e39fcc5259f881ee2f25b39ac25b7b8542e88cdf7b0338e831fad3b0cdac518ae4f44d4afe6d7aee392095919f0c8d2e441c9fcfd38c55e7f12bb34cf6ba74b716d0b6d7995c0c7d0639a2c2b9bd8a31515a5ca5e5ac7711860aeb9018608f635563ff90fcfff005eebff00a11a065fc518ac5f15ff00c8bd3ffbcbff00a10aa7e11b831433d84c76b4789533fdd600ff0081fc68b69703a6c518af3f49def3c4f6f7a4e526b9013fdd5200aeb2d35a13eab7761341e4b5b82db8bee0ca3bf418e0834344dcd4c518acdd1b563abc32cc2dfca8d5f6a92db8b7bf418ed591e25758b5fd29e460a8ad96627000dc39a2c51d4e28c572fe29d46caeb47f2edeea295fcc53b55c138e69facbdc2784ed5a16655d91894a9c1dbb7fc714589b9d2e28c5731e1c8d46a73bd834eda6f978dd2f467c8e9fad57f134315c788ec229df6c4e8aacd9c606e3de8b6a173afc518ae2cc50e93af58c5a55db4ab2b8122070c319c738e3a67e98aed6868a131462a868dff20e5ffae927fe84d595afdc5c5cead67a4c32b44937cd2329c1239e3f2068b01d2628c572b2e911699751c9a6ea6914a8ff00bd8e79c00c3dc56bea7ada69f3c56d1dbbdcdd4a32b1271c7b9fcff2a2c069e28c565e99ada5fdc4b6b2dbbdb5d4637344fcf1ec7f1157af2ee2b1b492e66388d064e3a9f403de8026c518ae793c53b4c725ce9d3c16b29c2cec720fbe31fd6af4fab8875bb6d3840184c9b84a1fa707b639e9eb4acc0d3c518aca7d65c6b171a74769bde28bcc560f8dc700edc638ebd73595e1dd4afa6d4af1268a4688b92ecd264418dc76e3be7a71e94ec07558a63ba2150eeaa58e1431c64fa0ac11e286747b8834c9a5b347dad30600ff00df38f7f5a359bab3966d1e592d9a5f39f746dbca15c95ea3073d471ed458573a1c546934323b2472233afde55604afd476acbbfd7becda87d86dace4bb9d46e75438da3f23599e1bb856d6357b8915a253f3307e0a8dc49cfd28b05ceaf1462b9e3e2acab4f1e9b70f64adb5a7071fa63fad6f41347710473467746ea194fb1a2c31f8a3158f77ae4915e496d69a7cd74f18cbb29daa3e87073483c430be852ea70c2cde53056899b69c9603ae0fae68b01b38a315ceb78acc690cd2e993a5b498fde93c67db8e7f4abbaa6b89a7cd0dbc36ef737130dcb1a1c71eb9c1a2c2b9a22688cc611221900c94dc3701f4a9315ca69970d77e339e5781e163061a371ca901456feab7ff00d99a74977e579bb0afcbbb6e7240eb83eb45865cc546d3c292ac6d2a2c8df754b00c7e82b0bfe12a2821967d3678ad65c01331c8c9f418e4543aa90de31d2ca904140411df96a2c4dce9f1462b1aef5f922ba961b5d3a6b910ff00ac6076a8c75c707351cfe268d3498b5086d9a58da4f2dd4bed287f239a2c51bb8a3159577adadbdfd95ac3079cd7403060db76a9e87a1cf73f856b5002628c52d14804c518a5a280131462968a004c518a5a280131462968a004c518a5a2801d8a314628c50018a314628c50018a314628c50018a314628c50055d487fc4aeeffeb8b7fe826b9ef0ae9b6577a3f99716b14afe630dcc809c715d5e28c53b81caeb6891f88b454450aaacaaaa07006e15278aff00e3e749ff00af8feab5d3628c517158e2f59b6367e2292f2e7ed4b6b328fdedbb6194800609fc3a53ada0b46d2f56bbb54bcc340cbe65c1043f19c8fcabb2c518a2e1638e9bfe49dc7f51ff00a30d32f524b5fec3d50c6d25bc30a2bed19db8e73fafe95da628c517158e3a2be8f51f1a58dc451cab198d829917696f95b91ed505fc96b0de5db94bcd3af72768898b2cc7b1e83a9aee314628b8ec66e8725e4da4c2f7ca44e73f7860919e091eb437fc8c4bff005ea7ff0042ad2c5426d50de0baf9bcc09e5f5e319cd0328788ff00e45fbcff00707fe842b9abb59ad345d2f55b762b22c46173ec41c7f5fd2bbac518a13b0ac70f7967f601e1e80aed6de59fd7716527fc3f0abbe2e8a4b59adb5380ed750d1311ee0e3f9b57578ac6d4f47b9d52fa2f36e545821563085f999875e68b8ac49e1eb2fb168b02118771e637d5b9fe5815a84714a0606074a3148a398f047fc832e3febb7feca2ab595e8f0e5f5fc57d04b89a4df1baae770e7bfe3fcebb0c518a77158e1d2d6787c25a9dc4d1b45f689159518630370e71f8fe95b0e3fe287ffb741fcaba0c518a2e1639fd3ade4bbf05adbc7f7e485957dce4d7396ff654b3fb1de2ea62e412be4237cadce4601e95e878a3145c2c71da842906b5a0448aeaaaaa02bfde0370e0fbd5b9ff00e47eb7ff00af73ff00a0b574d8a3145c2c725a6cff00d9fe2cbe8668e40d74f88c85e0f2483f4aa1732dbc12dcb4697ba6dfee25608d8b2c8debd057798a3145c2c52d29ee65d2e07bc5db70c9970460f5e323d718a8e3ff0090fcff00f5eebffa11ad1c5442d916edae46ef319021e78c039feb40cc9f167fc8bd3ffbcbff00a10ac0d4d27b4b2d3afad873716a2ddc01d72bc7e3fe15dd628c509d85638abbb4161ace836a0005157763bb16c93f9d4be2d8a5b3bd8efe1e04d1b40ff8823f91fd2bb0c5635e68d73a86ad1cd7374a6c6170e9005e7200ea7eb9f5a13158b5a3597d8349b7b7dbb5826e7ff78f26b0fc4b1a4bafe9292286466c32919046e15d5e28c517d6e51caf8ab4db2b5d1fcc82d6289fcc51b954038e6a0d6526163a3c9246f2d8222999179cf03afe15d8e28c517158f369e7505e1b392e23d2a495599994fc87b807fcf4ad8d76182efc49a5c44092de4455e18e194b1ee2bb1c518a3985638f5b78bc39e298b6a016974bb519b9d84fb9f7c7e06bb0c518a31437728cfd1bfe41abff005d24ff00d09ab275fb6b9b7d5acf5786269521f96455192073cfe44d7436d6d1dac2228f76d0ccdf31c9c9249fe752e28b81c0eaf359eb722ff6658ccd76cf9918a7518c60f38f4ad5d54be99e268354921792d4c7b19946769c11fe1fad7538a3145c56396d319b55f13c9a9c514896a91ec5665c6e38c7f8fe42b4bc4b6535f68b2c70a9691583851d5b1d456be28c5170b1c3deea4355d22d74ab6b698dd29557565c05da315635556d235ad32ee6477b786158d9d4679008feb9aec314628b858e4b4cba5bdf19cf7091c88af06543aed2400a338fc29344b8365ae6a567242e67b8919a35230ad8dc793d81c8e6baec518a2e16380966820594d98bed3eff007f16aa4b2b1cfd0568eb4d3bb787dee5713b382e318f9b2b9aebb14628b858e4659ffb0fc5573757314ad6f70985655cf3c71fa543a3a3dfde6ba888d1b4cadb55c608dc4e335da628c5170b1e776cb6d6f6ad677eba9adc0254411b615bf0aee74d812df4db78a349155546164fbcb9e707deade28c50ddc2c719797720d7ae63d4e4be4881c5bc76e4a861dba75aa767c782b5453c32ceb907a8f996bbfc518a2e2b1c76b7ff0022669dff006cff00f413526a2efa6ebb61aa4b13bdb790119946769da47f515d6e28c5171d8e474cba17be339ae5639111edf2a1d769200519c7e15a9e2bff009176e7eabffa12d6d62a86b360fa96952dac6eaaee570cd9c0c303dbe945f519ca5eea0351d12cb4ab7b698dc8d990c981803a83e873d6aedec460f14e8d11392912a93eb8c8ae9ac6ddad6c6dedd9959a34552474240a9f145c56388b9bb91b56bd8b5292f94e4adbc5012a18738e9d7b7eb53681662ffc297b6d80599db68f460011fa8aec715575186f27b4296370b04c48f9d8678efd8d17158e5bc2714d7ba835dce322d62585323a1e9fcb3f9d7678aa1a46969a4d88b70fbdcb16763fc4c6afe286ee3418a314628c5218628c518a31400628c518a31400628c518a31400628c518a31400628c518a31400ec518a5c518a004c518a5c518a004c518a5c518a004c518a5c518a004c518a5c518a004c518a5c518a004c518a5c518a004c518a5c518a004c518a5c518a004c518a5c518a004c518a5c518a004c518a5c518a004c518a5c518a004c518a5c518a004c518a5c518a004c518a5c518a004c518a5c518a004c518a5c518a004c518a5c518a004c518a5c518a004c518a5c518a004c518a5c518a004c518a5c518a004c518a5c518a004c518a5c518a004c518a5c518a004c518a5c518a004c518a5c518a004c518a5c518a004c518a5c518a004c518a5c518a004c518a5c518a004c518a5c518a004c518a5c518a004c518a5c518a004c518a5c518a004c518a5c518a004c518a5c518a004c518a5c518a004c518a5c518a004c518a5c518a004c518a5c518a004c518a5c518a004c518a5c518a004c518a5c518a005c518a5c518a004c518a5c518a004c518a5c518a004c518a5c518a004c518a5c518a004c518a5c518a004c518a5c518a004c518a5c518a004c518a5c518a004c518a5c518a004c518a5c518a004c518a5c518a004c518a5c518a004c518a5c518a004c518a5c518a004c518a5c518a004c518a5c518a004c518a5c518a004c518a5c518a004c518a5c518a004c518a5c518a004c518a5c518a004c518a5c518a004c518a5c518a004c518a5c518a004c518a5c518a004c518a5c518a004c518a5c518a004c518a5c518a004c518a5c518a004c518a5c518a004c518a5c518a004c518a5c518a004c518a5c518a004c518a5c518a004c518a5c518a004c518a5c518a004c518a5c518a004c518a5c518a004c518a5c518a004c518a5c518a004c518a5c518a004c518a5c518a004c518a5c518a004c518a5c518a005a2968a004a2968a004a2b23c477935b58c70db315b9b890226d386ebce3f41f8d4be1ab996f74c912e599ae6da431c9b8e5bd89fd47e14ec2b9a545644be25d3609278e46955e17da576e4b1e738e7a71567fb62cdb4a7d491d9a04215f6afcc0920631f88a2c32f5158ebe28d29a68e3f35c6ec7cc53e5527b1357f51d4ad74b8d5ee9f6eee1154659be828b0ae59a2a9e9dab59eabb96d9cf98a32c8cbb580f5a2cf55b6bdb4b8b98849e5c05836e500f03271cd2b0cb945661d7acc696350db2f9064f2fee0ddbbe99a6c5e24d327bb4b6495b7390aac530a49ed9a7603568aa5a96af67a532a5cbb798c3211577363d6a4b2d4ad351b56b8b794144fbfb86d2bf5a5602cd15909e27d29ae443e73004ed12142173f5ab17dacd969b7696f72cca5977870b95c73fe14ec05fa2b1d3c51a53c323995d4a9c6d643b9be82afe9da8daea90b4b6ac48438656182bf5a2c059a2b21fc4fa525c984ccc403b4baa92a0fd6acdf6b167a7496eb3bb6d986e475195c7a93f8d1602f5159d63aed86a1349140efe62a96dacb82c075c567695e207bcd6e5b6916430b36d8544782a73c6ef4a2c2b9d15159975e21d3ed2e64819e47319c3b4685954fb9ad18658ee2049e17578dc655877a5618ea2968a004a2968a004a2968a004a2968a004a2968a004a2968a004a2968a004a2968a004a2968a004a2968a004a2968a004a2968a004a2968a004a2968a004a2968a004a2968a004a2968a004a2968a004a2968a004a2968a004a2968a004a2968a004a2968a004a2968a004a2968a004a2968a004a2968a004a2968a004a2968a004a2968a004a2968a004a2968a005a2968a004a29681401c9ddbdf6a3e2d53a75b2dd1b00084660abbbb92491dc8fcaa6d2e6bdd37c60eba95b2da9d4549d8ae19776783c13dc11f8d751690db593492410471c921cbb2ae0b7d7f334b3476d753452dc5bc72c911ca3328254f5e0fe155742307c2b1c6de23d777a2b61f6f23b166c8ac6b251ff081eb3ed70b8ffbe92bb98a2b6b79659618238e498e5d95402c7dfd7a9a892cec12d64b61690882460cf1851b588c7247e028b8ac733afa22f80b4bc2283fbb3c0f5539a935331da78b347babde2d0c0a3730f94361b93f4254d7492dbda4f6c96d25b44f02636c6ca0aae381814f9d2dae6110cf0472c6318565040a2e1639c8648350f8831cda7b2bc31c07cf74fbac7691d7bf257f2f6aa1a1deda59687acdb5d4e915c1670a8c70cc4ae30077e457676f1dad946c96b6f142adc908a173f5c5426cb4e92769e4b1b7695bab34609345d058e21d47fc2bc8dbbfdb3fa1ad6f13a22693a09545521d0020741b45746d65a79b516a2ce1fb386dc23d836eef5c7ad13c16b70b124d6d1c89160a2b282171d3145c2c6049241a7fc429a6bf758e2780792efc28f95475edd1bfc9a49df4fbfd375b6d1ada4594afef255ced93e6c9dbcfa6eeddeba2b98ad6f405bab68a60bd03a06c7d334e896deda211db429146390a8a147e945c67076c905d787121b8f10c1040a726d4daa965607b11f31fad6a4f6eb0f8cb4280b89552dd5776386c06c1c7e15d12d8e9be779e6c2dbcdceedde58ce7d6a478ada4bb4ba782369d061242b9651ec7f1345c5630ace38ffe1655f7c8b858030e3a1da993fa9aa7a542f25df8a62814ef2182aafae5b18aea563b65bb7bb10462e186d69428dc471c13f80fca8822b6b79659618238e494e5dd57058fbfaf5a2e16383d316397409ade6d761b388337996af6cacc4e73907ef13fcab42fed920bff000c4025171180b87db80cbb948e0fb5750d65a6cb319a5b0b67909c9668c124fad493456d713c534b6f1bc91731b328257e9e945c661deaa8f895618006e81b38eff2bd43a24f0daf8db57499d6332b1540c71b89604015d13456cf78b76d0466e146d594afcca39e01fc4fe74d6b7b392e96e64b689ae1482b2151b863a7345c5639132456cfa95c699a945102ec67b2bd8c658f3903d7a91daba3d1675bbd0adee16d92d836ef91170bf788c81e87ad5996c74eb898cb3d9412c87ab32024d4f23aed54455555180aa3000a1b1905252d1523128a5a280128a5a280128a5a280128a5a280128a5a280128a5a280128a5a280128a5a280128a5a280128a5a280128a5a280128a5a280128a5a280128a5a280128a5a280128a5a280128a5a280128a5a280128a5a280128a5a280128a5a280128a5a280128a5a280128a5a280128a5a280128a5a280128a5a280128a5a280128a5a280128a5a280128a5a28017146293cc4fef2fe747989fde5fce8017146293cc4fef2fe747989fde5fce8017146293cc4fef2fe747989fde5fce8017146293cc4fef2fe747989fde5fce8017146293cc4fef2fe747989fde5fce80168a4f313fbcbf9d1e627f797f3a005a3149e627f797f3a3cc4fef2fe7400b8a293cc4fef2fe747989fde5fce80168c527989fde5fce8f313fbcbf9d002e28c527989fde5fce8f313fbcbf9d002d149e627f797f3a3cc4fef2fe7400b8a3149e627f797f3a3cc4fef2fe7400b4527989fde5fce8f313fbcbf9d002e28c527989fde5fce8f313fbcbf9d002e28c527989fde5fce8f313fbcbf9d002e28c527989fde5fce8f313fbcbf9d002e28c527989fde5fce8f313fbcbf9d002e28c527989fde5fce8f313fbcbf9d002e28c527989fde5fce8f313fbcbf9d002e28c527989fde5fce8f313fbcbf9d002e28c527989fde5fce8f313fbcbf9d002e28c527989fde5fce8f313fbcbf9d002e28c527989fde5fce8f313fbcbf9d002e28c527989fde5fce8f313fbcbf9d002e28c527989fde5fce8f313fbcbf9d002e28c527989fde5fce8f313fbcbf9d002e28c527989fde5fce8f313fbcbf9d002e28c527989fde5fce8f313fbcbf9d002e28c527989fde5fce8f313fbcbf9d002e28c527989fde5fce8f313fbcbf9d002e28c527989fde5fce8f313fbcbf9d002e28c527989fde5fce8f313fbcbf9d002e28c527989fde5fce8f313fbcbf9d002e28c527989fde5fce8f313fbcbf9d002e28c527989fde5fce8f313fbcbf9d002e28c527989fde5fce8f313fbcbf9d002e28c527989fde5fce8f313fbcbf9d002e28c527989fde5fce8f313fbcbf9d002e28c527989fde5fce8f313fbcbf9d002e28c527989fde5fce8f313fbcbf9d002e28c527989fde5fce8f313fbcbf9d002e28c527989fde5fce8f313fbcbf9d002e28c527989fde5fce8f313fbcbf9d002e28c527989fde5fce8f313fbcbf9d002e28c527989fde5fce8f313fbcbf9d00646db0ff009e327fdf546db0ff009e327fdf555e8aa11636d87fcf193fefaa36d87fcf193fefaaaf450058db61ff003c64ff00bea8db61ff003c64ff00beaabd1401636d87fcf193fefaa36d87fcf193fefaaaf450058db61ff3c64ffbea8db61ff3c64ffbeaabd1401636d87fcf193fefaa36d87fcf193fefaaaf450058db61ff003c64ff00bea8db61ff003c64ff00beaabd1401636d87fcf193fefaa36d87fcf193fefaaaf450058db61ff3c64ffbea8db61ff3c64ffbeaabd1401636d87fcf193fefaa36d87fcf193fefaaaf450058db61ff003c64ff00bea8db61ff003c64ff00beaabd1401636d87fcf193fefaa36d87fcf193fefaaaf450058db61ff3c64ffbea8db61ff3c64ffbeaabd1401636d87fcf193fefaa36d87fcf193fefaaaf450058db61ff003c64ff00bea8db61ff003c64ff00beaabd1401636d87fcf193fefaa36d87fcf193fefaaaf450058db61ff3c64ffbea8db61ff3c64ffbeaabd1401636d87fcf193fefaa36d87fcf193fefaaaf450058db61ff003c64ff00bea8db61ff003c64ff00beaabd1401636d87fcf193fefaa36d87fcf193fefaaaf450058db61ff3c64ffbea8db61ff3c64ffbeaabd1401636d87fcf193fefaa36d87fcf193fefaaaf450058db61ff003c64ff00bea8db61ff003c64ff00beaabd1401636d87fcf193fefaa36d87fcf193fefaaaf450058db61ff3c64ffbea8db61ff3c64ffbeaabd1401636d87fcf193fefaa36d87fcf193fefaaaf450058db61ff003c64ff00bea8db61ff003c64ff00beaabd1401636d87fcf193fefaa36d87fcf193fefaaaf450058db61ff3c64ffbea8db61ff3c64ffbeaabd1401636d87fcf193fefaa36d87fcf193fefaaaf450058db61ff003c64ff00bea8db61ff003c64ff00beaabd1401636d87fcf193fefaa36d87fcf193fefaaaf450058db61ff3c64ffbea8db61ff3c64ffbeaabd1401636d87fcf193fefaa36d87fcf193fefaaaf450058db61ff003c64ff00bea8db61ff003c64ff00beaabd1401636d87fcf193fefaa36d87fcf193fefaaaf450058db61ff3c64ffbea8db61ff3c64ffbeaabd1401636d87fcf193fefaa36d87fcf193fefaaaf450058db61ff003c64ff00bea8db61ff003c64ff00beaabd1401636d87fcf193fefaa36d87fcf193fefaaaf450058db61ff3c64ffbea8db61ff3c64ffbeaabd1401636d87fcf193fefaa36d87fcf193fefaaaf450058db61ff003c64ff00bea8db61ff003c64ff00beaabd1401636d87fcf193fefaa36d87fcf193fefaaaf450058db61ff3c64ffbea8db61ff3c64ffbeaabd1400668cd75dfd8da57fcfbc9ff007f0d1fd8da57fcfbc9ff007f0d160391cd19aebbfb1b4aff009f793fefe1a3fb1b4aff009f793fefe1a2c07239a335d77f63695ff3ef27fdfc347f63695ff3ef27fdfc34580e473466baefec6d2bfe7de4ff00bf868fec6d2bfe7de4ff00bf868b01c8e68cd75dfd8da57fcfbc9ff7f0d1fd8da57fcfbc9ff7f0d160391cd19aebbfb1b4aff9f793fefe1a3fb1b4aff9f793fefe1a2c07239a335d77f63695ff003ef27fdfc347f63695ff003ef27fdfc34580e473466baefec6d2bfe7de4ffbf868fec6d2bfe7de4ffbf868b01c8e68cd75dfd8da57fcfbc9ff007f0d1fd8da57fcfbc9ff007f0d160391cd19aebbfb1b4aff009f793fefe1a3fb1b4aff009f793fefe1a2c07239a335d77f63695ff3ef27fdfc347f63695ff3ef27fdfc34580e473466baefec6d2bfe7de4ff00bf868fec6d2bfe7de4ff00bf868b01c8e68cd75dfd8da57fcfbc9ff7f0d1fd8da57fcfbc9ff7f0d160391cd19aebbfb1b4aff9f793fefe1a3fb1b4aff9f793fefe1a2c07239a335d77f63695ff003ef27fdfc347f63695ff003ef27fdfc34580e473466baefec6d2bfe7de4ffbf868fec6d2bfe7de4ffbf868b01c8e68cd75dfd8da57fcfbc9ff007f0d1fd8da57fcfbc9ff007f0d160391cd19aebbfb1b4aff009f793fefe1a3fb1b4aff009f793fefe1a2c07239a335d77f63695ff3ef27fdfc347f63695ff3ef27fdfc34580e473466baefec6d2bfe7de4ff00bf868fec6d2bfe7de4ff00bf868b01c8e68cd75dfd8da57fcfbc9ff7f0d1fd8da57fcfbc9ff7f0d160391cd19aebbfb1b4aff9f793fefe1a3fb1b4aff9f793fefe1a2c07239a335d77f63695ff003ef27fdfc347f63695ff003ef27fdfc34580e473466baefec6d2bfe7de4ffbf868fec6d2bfe7de4ffbf868b01c8e68cd75dfd8da57fcfbc9ff007f0d1fd8da57fcfbc9ff007f0d160391cd19aebbfb1b4aff009f793fefe1a3fb1b4aff009f793fefe1a2c07239a335d77f63695ff3ef27fdfc347f63695ff3ef27fdfc34580e473466baefec6d2bfe7de4ff00bf868fec6d2bfe7de4ff00bf868b01c8e68cd75dfd8da57fcfbc9ff7f0d1fd8da57fcfbc9ff7f0d160391cd19aebbfb1b4aff9f793fefe1a3fb1b4aff9f793fefe1a2c07239a335d77f63695ff003ef27fdfc347f63695ff003ef27fdfc34580e473466baefec6d2bfe7de4ffbf868fec6d2bfe7de4ffbf868b01c8e68cd75dfd8da57fcfbc9ff007f0d1fd8da57fcfbc9ff007f0d160391cd19aebbfb1b4aff009f793fefe1a3fb1b4aff009f793fefe1a2c07239a335d77f63695ff3ef27fdfc347f63695ff3ef27fdfc34580e473466baefec6d2bfe7de4ff00bf868fec6d2bfe7de4ff00bf868b01c8e68cd75dfd8da57fcfbc9ff7f0d1fd8da57fcfbc9ff7f0d160391cd19aebbfb1b4aff9f793fefe1a3fb1b4aff9f793fefe1a2c07239a335d44be1fd3e4522392689bb162196b0aff004db8d3a40b2a8646fb8ebcab7e3401533466928a005cd19a4a280173466928a005cd19a4a280173466928a005cd19a4a2803baa28a28105145140051451400514514005145140051451400514514005145140051451400514514005145140051451400514514005145140051451400514514005145140051451400514514005145140051451400514514005145140051451400514514005145140051451400514514005145140051451400514514005145140051451400514514005145140051451400514514005145140050f147750b5b4c3746fc0f553d88a297a5007137303db5cc9049f7918a9fc2a2cd6b789142eb5230fe24563f963fa564503173466928a005cd19a4a280173466928a005cd19a4a280173466928a00eee8a28a041451450014514500145145001451450014514500145145001451450014514500145145001451450014514500145145001451450014514500145145001451450014514500145145001451450014514500145145001451450014514500145145001451450014514500145145001451450014514500145145001451450014514500145145001451450014514500145145001451450014514500739e27ff90bff00db35fe558f9ad8f13ffc85ff00ed9aff002ac6a18c5cd19a4a280173466928a005cd19a4a280173466928a005cd19a4a2803bca28a28105145140051451400514514005145140051451400514514005145140051451400514514005145140051451400514514005145140051451400514514005145140051451400514514005145140051451400514514005145140051451400514514005145140051451400514514005145140051451400514514005145140051451400514514005145140051451400514514005145140051451401ce789cff00c4dffed9aff2ac6cd6cf89ff00e42fff006cd7f9562d0c62e68cd251400b9a334945002e68cd251400b9a334945002e68cd251401ded145140828a28a0028a28a0028a28a0028a28a0028a28a0028a28a0028a28a0028a28a0028a28a0028a28a0028a28a0028a28a0028a28a0028a28a0028a28a0028a28a0028a28a0028a28a0028a28a0028a28a0028a28a0028a28a0028a28a0028a28a0028a28a0028a28a0028a28a0028a28a0028a28a0028a28a0028a28a0028a28a0028a28a0028a28a0028a28a0028a28a0028a28a0028a28a00e6fc4ff00f218ff00b66bfcab1735b5e28ff90c7fdb35fe558b4318668cd1450019a33451400668cd1450019a33451400668cd1450077d45145020a28a2800a28a2800a28a2800a28a2800a28a2800a28a2800a28a2800a28a2800a28a2800a28a2800a28a2800a28a2800a28a2800a28a2800a28a2800a28a2800a28a2800a28a2800a28a2800a28a2800a28a2800a28a2800a28a2800a28a2800a28a2800a28a2800a28a2800a28a2800a28a2800a28a2800a28a2800a28a2800a28a2800a28a2800a28a2800a28a2800a28a2800a28a28039af147fc863fed9ad6356cf8a3fe431ff006c96b16863168a4a280168a4a280168a4a280168a4a280168a4a2803bfa28a28105145140051451400514514005145140051451400514514005145140051451400514514005145140051451400514514005145140051451400514514005145140051451400514514005145140051451400514514005145140051451400514514005145140051451400514514005145140051451400514514005145140051451400514514005145140051451400514514005145140051451401ccf8a7fe4327feb92ff2ac5adaf14ffc864ffd725fe558b43185145140051451400514514005145140051451401e8145145020a28a2800a28a2800a28a2800a28a2800a28a2800a28a2800a28a2800a28a2800a28a2800a28a2800a28a2800a28a2800a28a2800a28a2800a28a2800a28a2800a28a2800a28a2800a28a2800a28a2800a28a2800a28a2800a28a2800a28a2800a28a2800a28a2800a28a2800a28a2800a28a2800a28a2800a28a2800a28a2800a28a2800a28a2800a28a2800a28a2800a28a2800a28a280399f14ffc864ffd725fe55895b7e29ff90c9ffae4bfcab1334318514668cd0014519a33400514668cd0014519a33400514668cd007a0d145140828a28a0028a28a0028a28a0028a28a0028a28a0028a28a0028a28a0028a28a0028a28a0028a28a0028a28a0028a28a0028a28a0028a28a0028a28a0028a28a0028a28a0028a28a0028a28a0028a28a0028a28a0028a28a0028a28a0028a28a0028a28a0028a28a0028a28a0028a28a0028a28a0028a28a0028a28a0028a28a0028a28a0028a28a0028a28a0028a28a0028a28a0028a28a00e63c55ff2193ff5c97f956256df8abfe4347feb92ff002ac4cd0c614519a33400514668cd0014519a33400514668cd0014519a33401e8545145020a28a2800a28a2800a28a2800a28a2800a28a2800a28a2800a28a2800a28a2800a28a2800a28a2800a28a2800a28a2800a28a2800a28a2800a28a2800a28a2800a28a2800a28a2800a28a2800a28a2800a28a2800a28a2800a28a2800a28a2800a28a2800a28a2800a28a2800a28a2800a28a2800a28a2800a28a2800a28a2800a28a2800a28a2800a28a2800a28a2800a28a2800a28a280397f157fc864ff00d725fe55895b7e2bff0090cffdb25fe55899a18c28a33466800a28cd19a0028a33466800a28cd19a0028a33466803bcfb6db7fcf78ff00efa147db6dbfe7bc7ff7d0ae43ed0dfdd5fca8fb437f757f2a2e2b1d7fdb6dbfe7bc7ff7d0a3edb6dff3de3ffbe85721f686feeafe547da1bfbabf95170b1d7fdb6dbfe7bc7ff7d0a3edb6dff3de3ffbe85721f686feeafe547da1bfbabf95170b1d7fdb6dbfe7bc7ff7d0a3edb6dff3de3ffbe85721f686feeafe547da1bfbabf95170b1d7fdb6dbfe7bc7ff7d0a3edb6dff3de3ffbe85721f686feeafe547da1bfbabf95170b1d7fdb6dbfe7bc7ff7d0a3edb6dff3de3ffbe85721f686feeafe547da1bfbabf95170b1d7fdb6dbfe7bc7ff7d0a3edb6dff3de3ffbe85721f686feeafe547da1bfbabf95170b1d7fdb6dbfe7bc7ff7d0a3edb6dff3de3ffbe85721f686feeafe547da1bfbabf95170b1d7fdb6dbfe7bc7ff7d0a3edb6dff3de3ffbe85721f686feeafe547da1bfbabf95170b1d7fdb6dbfe7bc7ff7d0a3edb6dff3de3ffbe85721f686feeafe547da1bfbabf95170b1d7fdb6dbfe7bc7ff7d0a3edb6dff3de3ffbe85721f686feeafe547da1bfbabf95170b1d7fdb6dbfe7bc7ff7d0a3edb6dff3de3ffbe85721f686feeafe547da1bfbabf95170b1d7fdb6dbfe7bc7ff7d0a3edb6dff3de3ffbe85721f686feeafe547da1bfbabf95170b1d7fdb6dbfe7bc7ff7d0a3edb6dff3de3ffbe85721f686feeafe547da1bfbabf95170b1d7fdb6dbfe7bc7ff7d0a3edb6dff3de3ffbe85721f686feeafe547da1bfbabf95170b1d7fdb6dbfe7bc7ff7d0a3edb6dff3de3ffbe85721f686feeafe547da1bfbabf95170b1d7fdb6dbfe7bc7ff7d0a3edb6dff3de3ffbe85721f686feeafe547da1bfbabf95170b1d7fdb6dbfe7bc7ff7d0a3edb6dff3de3ffbe85721f686feeafe547da1bfbabf95170b1d7fdb6dbfe7bc7ff7d0a3edb6dff3de3ffbe85721f686feeafe547da1bfbabf95170b1d7fdb6dbfe7bc7ff7d0a3edb6dff3de3ffbe85721f686feeafe547da1bfbabf95170b1d7fdb6dbfe7bc7ff7d0a3edb6dff3de3ffbe85721f686feeafe547da1bfbabf95170b1d7fdb6dbfe7bc7ff7d0a3edb6dff3de3ffbe85721f686feeafe547da1bfbabf95170b1d7fdb6dbfe7bc7ff7d0a3edb6dff3de3ffbe85721f686feeafe547da1bfbabf95170b1d7fdb6dbfe7bc7ff7d0a3edb6dff3de3ffbe85721f686feeafe547da1bfbabf95170b1d7fdb6dbfe7bc7ff7d0a3edb6dff3de3ffbe85721f686feeafe547da1bfbabf95170b1d7fdb6dbfe7bc7ff7d0a3edb6dff3de3ffbe85721f686feeafe547da1bfbabf95170b1d7fdb6dbfe7bc7ff7d0a3edb6dff3de3ffbe85721f686feeafe547da1bfbabf95170b1d7fdb6dbfe7bc7ff7d0a3edb6dff3de3ffbe85721f686feeafe547da1bfbabf95170b1d7fdb6dbfe7bc7ff7d0a3edb6dff3de3ffbe85721f686feeafe547da1bfbabf95170b1d7fdb6dbfe7bc7ff7d0a3edb6dff3de3ffbe85721f686feeafe547da1bfbabf95170b1d7fdb6dbfe7bc7ff7d0a3edb6dff3de3ffbe85721f686feeafe547da1bfbabf95170b1d7fdb6dbfe7bc7ff7d0a3edb6dff3de3ffbe85721f686feeafe54f8a62d2aa955c1f6a2e163b08e449577c6eacb9c654e69f5434818b1ff0081b55fa0028a28a0028a28a0028a28a0028a28a0028a28a0028a28a00e5bc57ff21a3ff5c97f956256df8aff00e4347feb92ff002ac4cd0c614519a33400514668cd0014519a33400514668cd0014519a334013e68cd333466801f9a334ccd19a007e68cd333466801f9a334ccd19a007e68cd333466801f9a334ccd19a007e68cd333466801f9a334ccd19a007e68cd333466801f9a334ccd19a007e68cd333466801f9a334ccd19a007e68cd333466801f9a334ccd19a007e68cd333466801f9a334ccd19a007e68cd333466801f9a334ccd19a007e68cd333466801f9a334ccd19a007e68cd333466801f9a334ccd19a007e68cd333466801f9a334ccd19a007e68cd333466801f9a334ccd19a007e68cd333466801f9a334ccd19a007e68cd333466801f9a334ccd19a007e68cd333466801f9a92d8fefd7f1fe55066a5b53fe929f8ff2a00eb748ff008f2ff81355eaa3a47fc797fc09aaf5020a28a2800a28a2800a28a2800a28a2800a28a2800a28a280396f15ff00c868ff00d725fe55875b9e2bff0090d1ff00ae4bfcab0b34318b452668cd002d1499a33400b452668cd002d1499a33400b452668cd003f34669b9a33400ecd19a6e68cd003b34669b9a33400ecd19a6e68cd003b34669b9a33400ecd19a6e68cd003b34669b9a33400ecd19a6e68cd003b34669b9a33400ecd19a6e68cd003b34669b9a33400ecd19a6e68cd003b34669b9a33400ecd19a6e68cd003b34669b9a33400ecd19a6e68cd003b34669b9a33400ecd19a6e68cd003b34669b9a33400ecd19a6e68cd003b34669b9a33400ecd19a6e68cd003b34669b9a33400ecd19a6e68cd003b34669b9a33400ecd19a6e68cd003b34669b9a33400ecd19a6e68cd003b34669b9a33400ecd19a6e68cd003b34669b9a33400ecd4f687fd293f1fe555b353599ff4a8ff001fe46803b1d23fe3cbfe04d57aa8e91ff1e5ff00026abd40828a28a0028a28a0028a28a0028a28a0028a28a0028a28a00e57c59ff21a3ff5c97f9561d6e78b3fe4347feb92ff002ac2a18c5a2928a005a2928a005a2928a005a2928a005a2928a004cd19a6e68cd003b34669b9a33400ecd19a6e68cd003b34669b9a33400ecd19a6e68cd003b34669b9a33400ecd19a6e68cd003b34669b9a33400ecd19a6e68cd003b34669b9a33400ecd19a6e68cd003b34669b9a33400ecd19a6e68cd003b34669b9a33400ecd19a6e68cd003b34669b9a33400ecd19a6e68cd003b34669b9a33400ecd19a6e68cd003b34669b9a33400ecd19a6e68cd003b34669b9a33400ecd19a6e68cd003b34669b9a33400ecd19a6e68cd003b34669b9a33400ecd19a6e68cd003b34669b9a33400ecd19a6e68cd003b34669b9a33400ecd19a6e68cd003b353d91ff004b8ff1fe46ab66ac589cdec7f8ff0023401da691ff001e5ff026abd54748ff008f2ff81355ea04145145001451450014514500145145001451450014514500729e2cff0090d1ff00ae4bfcab0eb73c5bff0021b3ff005c97f9561d0c61451450014514500145145001451450014514500439a334ccd19a007e68cd333466801f9a334ccd19a007e68cd333466801f9a334ccd19a007e68cd333466801f9a334ccd19a007e68cd333466801f9a334ccd19a007e68cd333466801f9a334ccd19a007e68cd333466801f9a334ccd19a007e68cd333466801f9a334ccd19a007e68cd333466801f9a334ccd19a007e68cd333466801f9a334ccd19a007e68cd333466801f9a334ccd19a007e68cd333466801f9a334ccd19a007e68cd333466801f9a334ccd19a007e68cd333466801f9a334ccd19a007e68cd333466801f9a334ccd19a007e68cd333466801f9a334ccd19a007e6acd81ff4e8ff001fe46a9e6ace9c7fd3a3fc7f91a00ee748ff008f2ff81355eaa3a47fc797fc09aaf5020a28a2800a28a2800a28a2800a28a2800a28a2800a28a280394f16ff00c86cff00d725fe55855b9e2dff0090d9ff00ae4bfcab0a863168a4a280168a4a280168a4a280168a4a280168a4a2802aeea3753bc89bfe7949ff007c1a3c89bfe7949ff7c1a006eea3753bc89bfe7949ff007c1a3c89bfe7949ff7c1a006eea3753bc89bfe7949ff007c1a3c89bfe7949ff7c1a006eea3753bc89bfe7949ff007c1a3c89bfe7949ff7c1a006eea3753bc89bfe7949ff007c1a3c89bfe7949ff7c1a006eea3753bc89bfe7949ff007c1a3c89bfe7949ff7c1a006eea3753bc89bfe7949ff007c1a3c89bfe7949ff7c1a006eea3753bc89bfe7949ff007c1a3c89bfe7949ff7c1a006eea3753bc89bfe7949ff007c1a3c89bfe7949ff7c1a006eea3753bc89bfe7949ff007c1a3c89bfe7949ff7c1a006eea3753bc89bfe7949ff007c1a3c89bfe7949ff7c1a006eea3753bc89bfe7949ff007c1a3c89bfe7949ff7c1a006eea3753bc89bfe7949ff007c1a3c89bfe7949ff7c1a006eea3753bc89bfe7949ff007c1a3c89bfe7949ff7c1a006eea3753bc89bfe7949ff007c1a3c89bfe7949ff7c1a006eea3753bc89bfe7949ff007c1a3c89bfe7949ff7c1a006eea3753bc89bfe7949ff007c1a3c89bfe7949ff7c1a006eea3753bc89bfe7949ff007c1a3c89bfe7949ff7c1a006eea3753bc89bfe7949ff007c1a3c89bfe7949ff7c1a006eea3753bc89bfe7949ff007c1a3c89bfe7949ff7c1a006eea3753bc89bfe7949ff007c1a3c89bfe7949ff7c1a006eea3753bc89bfe7949ff007c1a3c89bfe7949ff7c1a006eea3753bc89bfe7949ff007c1a3c89bfe7949ff7c1a006eea3753bc89bfe7949ff007c1a3c89bfe7949ff7c1a006eea3753bc89bfe7949ff007c1a3c89bfe7949ff7c1a006eea3753bc89bfe7949ff007c1a3c89bfe7949ff7c1a006eea3753bc89bfe7949ff007c1a3c89bfe7949ff7c1a006eea3753bc89bfe7949ff007c1a3c89bfe7949ff7c1a006eea3753bc89bfe7949ff007c1a3c89bfe7949ff7c1a006eea3753bc89bfe7949ff007c1a3c89bfe7949ff7c1a006eea3753bc89bfe7949ff007c1a3c89bfe7949ff7c1a006eeab7a71ff004f8bf1fe46ab79137fcf293fef835674e8a44bf899a375519c92a40e86803bad23fe3cbfe04d57aa8e91ff001e5ff026abd40828a28a0028a28a0028a28a0028a28a0028a28a0028a28a00e4fc5bff0021b3ff005c97f956166b77c5dff21b3ff5c97f9560d0c62e68cd251400b9a334945002e68cd251400b9a334945002e68cd251401da7d9a1fee0fccd1f6687fb83f3349f6b83fe7a0a3ed707fcf4153661742fd9a1fee0fccd1f6687fb83f3349f6b83fe7a0a3ed707fcf4145985d0bf6687fb83f3347d9a1fee0fccd27dae0ff009e828fb5c1ff003d051661742fd9a1fee0fccd1f6687fb83f3349f6b83fe7a0a3ed707fcf4145985d0bf6687fb83f3347d9a1fee0fccd27dae0ff9e828fb5c1ff3d051661742fd9a1fee0fccd1f6687fb83f3349f6b83fe7a0a3ed707fcf4145985d0bf6687fb83f3347d9a1fee0fccd27dae0ff009e828fb5c1ff003d051661742fd9a1fee0fccd1f6687fb83f3349f6b83fe7a0a3ed707fcf4145985d0bf6687fb83f3347d9a1fee0fccd27dae0ff9e828fb5c1ff3d051661742fd9a1fee0fccd1f6687fb83f3349f6b83fe7a0a3ed707fcf4145985d0bf6687fb83f3347d9a1fee0fccd27dae0ff009e828fb5c1ff003d051661742fd9a1fee0fccd1f6687fb83f3349f6b83fe7a0a3ed707fcf4145985d0bf6687fb83f3347d9a1fee0fccd27dae0ff9e828fb5c1ff3d051661742fd9a1fee0fccd1f6687fb83f3349f6b83fe7a0a3ed707fcf4145985d0bf6687fb83f3347d9a1fee0fccd27dae0ff009e828fb5c1ff003d051661742fd9a1fee0fccd1f6687fb83f3349f6b83fe7a0a3ed707fcf4145985d0bf6687fb83f3347d9a1fee0fccd27dae0ff9e828fb5c1ff3d051661742fd9a1fee0fccd1f6687fb83f3349f6b83fe7a0a3ed707fcf4145985d0bf6687fb83f3347d9a1fee0fccd27dae0ff009e828fb5c1ff003d051661742fd9a1fee0fccd1f6687fb83f3349f6b83fe7a0a3ed707fcf4145985d0bf6687fb83f3347d9a1fee0fccd27dae0ff9e828fb5c1ff3d051661742fd9a1fee0fccd1f6687fb83f3349f6b83fe7a0a3ed707fcf4145985d0bf6687fb83f3347d9a1fee0fccd27dae0ff009e828fb5c1ff003d051661742fd9a1fee0fccd1f6687fb83f3349f6b83fe7a0a3ed707fcf4145985d0bf6687fb83f3347d9a1fee0fccd27dae0ff9e828fb5c1ff3d051661742fd9a1fee0fccd1f6687fb83f3349f6b83fe7a0a3ed707fcf4145985d0bf6687fb83f3347d9a1fee0fccd27dae0ff009e828fb5c1ff003d051661742fd9a1fee0fccd1f6687fb83f3349f6b83fe7a0a3ed707fcf4145985d0bf6687fb83f3347d9a1fee0fccd27dae0ff9e828fb5c1ff3d051661742fd9a1fee0fccd1f6687fb83f3349f6b83fe7a0a3ed707fcf4145985d0bf6687fb83f3347d9a1fee0fccd27dae0ff009e82945c42c702419a2cc340fb343fdc1f99a7476b0348a0a020fb9a7d3e2ff5abf5a061a48c59903fbed57aa8e95ff1e67fdf6abd5448514514005145140051451400514514005145140051451401c978b8ff00c4f0ff00d725fe55859addf177fc870ffd725fe55834318b9a334945002e68cd251400b9a334945002e68cd251400b9a3349450074bb47a0a368f414b4570dd9edd9761368f4146d1e82968a2ec2cbb09b47a0a368f414b45176165d84da3d051b47a0a5a28bb0b2ec26d1e828da3d052d145d859761368f4146d1e82968a2ec2cbb09b47a0a368f414b45176165d84da3d051b47a0a5a28bb0b2ec26d1e828da3d052d145d859761368f4146d1e82968a2ec2cbb09b47a0a368f414b45176165d84da3d051b47a0a5a28bb0b2ec26d1e828da3d052d145d859761368f4146d1e82968a2ec2cbb09b47a0a368f414b45176165d84da3d051b47a0a5a28bb0b2ec26d1e828da3d052d145d859761368f4146d1e82968a2ec2cbb09b47a0a368f414b45176165d84da3d051b47a0a5a28bb0b2ec26d1e828da3d052d145d859761368f4146d1e82968a2ec2cbb09b47a0a368f414b45176165d84da3d051b47a0a5a28bb0b2ec26d1e828da3d052d145d859761368f4146d1e82968a2ec2cbb09b47a0a368f414b45176165d84da3d051b47a0a5a28bb0b2ec26d1e828da3d052d145d859761368f4146d1e82968a2ec2cbb09b47a0a42aa472053a8a399aea2718bd1a2d593b3c4509c953807daaec5feb57eb542c3fe5aff00bd57e2ff005abf5aec3c792b49a41a57fc799ff7daaf551d2bfe3ccffbed57aa880a28a2800a28a2800a28a2800a28a2800a28a2800a28a280391f179ff89e1ffae4bfcab0b35bbe2fff0090e1ff00ae4bfcab06863173466928a005cd19a4a280173466928a005cd19a4a280173466928a00e9e8a28ae03db0a28a2800a28a2800a28a2800a28a2800a28a2800a28a2800a28a2800a28a2800a28a2800a28a2800a28a2800a28a2800a28a2800a28a2800a28a2800a28a2800a28a2800a28a2800a28a2800a28a2800a28a2800a28a2800a28a2800a28a2800a28a2800a28a2800a28a2800a28a2800a28a2800a28a2802c587fcb5ff7aafc5feb57eb542c3fe5affbd57e2ff5abf5aed5b23c79fc4fd58695ff001e67fdf6abd5474aff008f33fefb55eaa330a28a2800a28a2800a28a2800a28a2800a28a2800a28a280390f17ffc870ffd725fe55839adef17ff00c874ff00d725fe55834318668cd1450019a33451400668cd1450019a33451400668cd1450075145145701ed851451400514514005145140051451400514514005145140051451400514514005145140051451400514514005145140051451400514514005145140051451400514514005145140051451400514514005145140051451400514514005145140051451400514514005145140051451400514514005145140162c3fe5aff00bd57e2ff005abf5aa161ff002d7fdeabf17fad5fad76ad91e3cfe27eac34aff8f33fefb55eaa3a57fc799ff7daaf55198514514005145140051451400514514005145140051451401c878bff00e43a7feb92ff002ac1cd6f78bffe43a7feb92ff2ac0a18c5cd19a4a280173466928a005cd19a4a280173466928a005cd19a4a2803a9a299bcd1bcd701ee587d14cde68de680b0fa299bcd1bcd0161f453379a379a02c3e8a66f346f340587d14cde68de680b0fa299bcd1bcd0161f453379a379a02c3e8a66f346f340587d14cde68de680b0fa299bcd1bcd0161f453379a379a02c3e8a66f346f340587d14cde68de680b0fa299bcd1bcd0161f453379a379a02c3e8a66f346f340587d14cde68de680b0fa299bcd1bcd0161f453379a379a02c3e8a66f346f340587d14cde68de680b0fa299bcd1bcd0161f453379a379a02c3e8a66f346f340587d14cde68de680b0fa299bcd1bcd0161f453379a379a02c3e8a66f346f340587d14cde68de680b0fa299bcd1bcd0162dd87fcb5ff007aafc5feb57eb542c0e5653fed0abf17fad5fad76ad91e34fe27eac34aff008f33fefb55eaa3a57fc799ff007daaf55198514514005145140051451400514514005145140051451401c7f8c3fe43a7feb92ff2ac0cd6ff008c3fe43a7feb92ff002ac0a18c334668a2800cd19a28a00334668a2800cd19a28a00334668a2803a6c518a7eca36579e7b97198a314fd946ca02e3314629fb28d9405c6628c53f651b280b8cc518a7eca365017198a314fd946ca02e3314629fb28d9405c6628c53f651b280b8cc518a7eca365017198a314fd946ca02e3314629fb28d9405c6628c53f651b280b8cc518a7eca365017198a314fd946ca02e3314629fb28d9405c6628c53f651b280b8cc518a7eca365017198a314fd946ca02e3314629fb28d9405c6628c53f651b280b8cc518a7eca365017198a314fd946ca02e3314629fb28d9405c6628c53f651b280b8cc518a7eca365017198a314fd946ca02e3314629fb28d9405c6628c53f651b280b8cc518a7eca365017198a314fd946ca02e3314629fb28d9405cb3a7fdd97fde157e2ff005abf5aa161c093fde157e2ff005abf5aee5b23c69fc4fd58695ff1e67fdf6abd5474aff8f33fefb55eaa330a28a2800a28a2800a28a2800a28a2800a28a2800a28a28038ef18ff00c878ff00d725fe55815bfe31ff0090f1ff00ae4bfcab028630a28a2800a28a2800a28a2800a28a2800a28a2803adc518a5a2b84f66e2628c52d1405c4c518a5a280b898a314b45017131462968a02e2628c52d1405c4c518a5a280b898a314b45017131462968a02e2628c52d1405c4c518a5a280b898a314b45017131462968a02e2628c52d1405c4c518a5a280b898a314b45017131462968a02e2628c52d1405c4c518a5a280b898a314b45017131462968a02e2628c52d1405c4c518a5a280b898a314b45017131462968a02e2628c52d1405c4c518a5a280b898a314b45017131462968a02e2628c52d1405c4c518a5a280b9358ffcb5ff007aaf45feb57eb546cbacbfef55e8bfd6afd6bb16c8f225f13f50d2bfe3ccff00bed57aa8e95ff1e67fdf6abd5440514514005145140051451400514514005145140051451401c6f8cbfe43c7feb92ff2ac0adff197fc878ffd725fe55819a18c28a33466800a28cd19a0028a33466800a28cd19a0028a33466803afa28a2b84f6428a28a0028a28a0028a28a0028a28a0028a28a0028a28a0028a28a0028a28a0028a28a0028a28a0028a28a0028a28a0028a28a0028a28a0028a28a0028a28a0028a28a0028a28a0028a28a0028a28a0028a28a0028a28a0028a28a0028a28a0028a28a0028a28a0028a28a0028a28a0028a28a0028a28a009acbacbfef55e8bfd6afd6a8d97597fdeabd17fad5fad762e87912f89fa8695ff1e67fdf6abd5474aff8f33fefb55eaa2028a28a0028a28a0028a28a0028a28a0028a28a0028a28a00e37c63ff0021e3ff005c97f9573f5d078cbfe43c7feb92ff002ae7f34318514668cd0014519a33400514668cd0014519a33400514668cd007614577bfd9765ff003e90ff00df028fecbb2ff9f487fef8158fd5df73b3eb8bb1c1515deff65d97fcfa43ff007c0a3fb2ecbfe7d21ffbe051f577dc3eb8bb1c1515deff0065d97fcfa43ff7c0a3fb2ecbfe7d21ff00be051f577dc3eb8bb1c1515deff65d97fcfa43ff007c0a3fb2ecbfe7d21ffbe051f577dc3eb8bb1c1515deff0065d97fcfa43ff7c0a3fb2ecbfe7d21ff00be051f577dc3eb8bb1c1515deff65d97fcfa43ff007c0a3fb2ecbfe7d21ffbe051f577dc3eb8bb1c1515deff0065d97fcfa43ff7c0a3fb2ecbfe7d21ff00be051f577dc3eb8bb1c1515deff65d97fcfa43ff007c0a3fb2ecbfe7d21ffbe051f577dc3eb8bb1c1515deff0065d97fcfa43ff7c0a3fb2ecbfe7d21ff00be051f577dc3eb8bb1c1515deff65d97fcfa43ff007c0a3fb2ecbfe7d21ffbe051f577dc3eb8bb1c1515deff0065d97fcfa43ff7c0a3fb2ecbfe7d21ff00be051f577dc3eb8bb1c1515deff65d97fcfa43ff007c0a3fb2ecbfe7d21ffbe051f577dc3eb8bb1c1515deff0065d97fcfa43ff7c0a3fb2ecbfe7d21ff00be051f577dc3eb8bb1c1515deff65d97fcfa43ff007c0a3fb2ecbfe7d21ffbe051f577dc3eb8bb1c1515deff0065d97fcfa43ff7c0a3fb2ecbfe7d21ff00be051f577dc3eb8bb1c1515deff65d97fcfa43ff007c0a3fb2ecbfe7d21ffbe051f577dc3eb8bb1c1515deff0065d97fcfa43ff7c0a3fb2ecbfe7d21ff00be051f577dc3eb8bb1c1515deff65d97fcfa43ff007c0a3fb2ecbfe7d21ffbe051f577dc3eb8bb1c1515deff0065d97fcfa43ff7c0a3fb2ecbfe7d21ff00be051f577dc3eb8bb1c1515deff65d97fcfa43ff007c0a3fb2ecbfe7d21ffbe051f577dc3eb8bb1c1515deff0065d97fcfa43ff7c0a3fb2ecbfe7d21ff00be051f577dc3eb8bb1c1515deff65d97fcfa43ff007c0a3fb2ecbfe7d21ffbe051f577dc3eb8bb1c1515deff0065d97fcfa43ff7c0a3fb2ecbfe7d21ff00be051f577dc3eb8bb1c1515deff65d97fcfa43ff007c0a3fb2ecbfe7d21ffbe051f577dc3eb8bb1c1515deff0065d97fcfa43ff7c0a3fb2ecbfe7d21ff00be051f577dc3eb8bb1c1515deff65d97fcfa43ff007c0a3fb2ecbfe7d21ffbe051f577dc3eb8bb1c1515deff0065d97fcfa43ff7c0a3fb2ecbfe7d21ff00be051f577dc3eb8bb1c1515deff65d97fcfa43ff007c0a3fb2ecbfe7d21ffbe051f577dc3eb8bb1c1515deff0065d97fcfa43ff7c0a3fb2ecbfe7d21ff00be051f577dc3eb8bb1c1515deff65d97fcfa43ff007c0a3fb2ecbfe7d21ffbe051f577dc3eb8bb1c1515deff0065d97fcfa43ff7c0a3fb2ecbfe7d21ff00be051f577dc3eb8bb1c4597597fdeabd17fad5fad3668d63d4af11142aaca40503000c53a2ff005abf5ad5ab687237ccdb0d2bfe3ccffbed57aa8e95ff001e67fdf6abd4c90a28a2800a28a2800a28a2800a28a2800a28a2800a28a28038df197fc878ff00d715fe55cf5741e33ff90f1ffae29fcab9fcd030a28cd19a0028a33466800a28cd19a0028a33466800a28cd19a00f79a28a2b42028a28a0028a28a0028a28a0028a28a0028a28a0028a28a0028a28a0028a28a0028a28a0028a28a0028a28a0028a28a0028a28a0028a28a0028a28a0028a28a0028a28a0028a28a0028a28a0028a28a0028a28a0028a28a0028a28a0028a28a0028a28a0028a28a0028a28a0028a28a0028a28a0028a28a00e2eebfe4297bff005d8ff21445feb57eb45d7fc852f7febb1fe4288bfd6afd6b296e5ad834aff8f33fefb55eaa3a57fc799ff7daaf5310514514005145140051451400514514005145140051451401c678cffe43c7feb8a7f2ae7aba0f19ff00c878ff00d715fe55cfe6818514668cd0014519a33400514668cd0014519a33400514668cd007bd514515a1014514500145145001451450014514500145145001451450014514500145145001451450014514500145145001451450014514500145145001451450014514500145145001451450014514500145145001451450014514500145145001451450014514500145145001451450014514500145145001451450071775ff00214bdffaec7f90a22ff5abf5a2ebfe4297bff5d8ff0021445feb57eb594b72d6c1a57fc799ff007daaf551d2bfe3ccff00bed57a98828a28a0028a28a0028a28a0028a28a0028a28a0028a28a00e2fc67ff21f3ff5c57f9573d5d078cffe43e7feb8aff2ae7b34318b452668cd002d1499a33400b452668cd002d1499a33400b452668cd007be514515a1014514500145145001451450014514500145145001451450014514500145145001451450014514500145145001451450014514500145145001451450014514500145145001451450014514500145145001451450014514500145145001451450014514500145145001451450014514500145145001451450071775ff214bdff00aec7f90a22ff005abf5a2ebfe4297bff005d8ff21445feb57eb594b72d6c1a57fc799ff7daaf551d2bfe3ccffbed57a98828a28a0028a28a0028a28a0028a28a0028a28a0028a28a00e2bc69ff0021f3ff005c53f9573d5d0f8d3fe43e7feb8a7f2ae7b34318514668cd0014519a33400514668cd0014519a33400514668cd007be514515a1014514500145145001451450014514500145145001451450014514500145145001451450014514500145145001451450014514500145145001451450014514500145145001451450014514500145145001451450014514500145145001451450014514500145145001451450014514500145145001451450071775ff214bdff00aec7f90a22ff005abf5a2ebfe4297bff005d8ff21445feb57eb594b72d6c1a57fc799ff7daaf551d2bfe3ccffbed57a98828a28a0028a28a0028a28a0028a28a0028a28a0028a28a00e2bc69ff002301ff00ae29fcab9dae87c6bff2301ffae29fcab9da062d14945160168a4a28b00b4525145805a2928a2c02d149451603dfa8a28ad080a28a2800a28a2800a28a2800a28a2800a28a2800a28a2800a28a2800a28a2800a28a2800a28a2800a28a2800a28a2800a28a2800a28a2800a28a2800a28a2800a28a2800a28a2800a28a2800a28a2800a28a2800a28a2800a28a2800a28a2800a28a2800a28a2800a28a2800a28a2800a28a2800a28a28038bbaff0090a5effd763fc85117fad5fad175ff00214bdffaec7f90a22ff5abf5aca5b96b60d2bfe3ccff00bed57aa8e95ff1e67fdf6abd4c4145145001451450014514500145145001451450014514500713e35ff9180ffd714fe55ced743e35ff009180ff00d714fe55ced03168a4a280168a4a280168a4a280168a4a280168a4a2803dfe8a28ad080a28a2800a28a2800a28a2800a28a2800a28a2800a28a2800a28a2800a28a2800a28a2800a28a2800a28a2800a28a2800a28a2800a28a2800a28a2800a28a2800a28a2800a28a2800a28a2800a28a2800a28a2800a28a2800a28a2800a28a2800a28a2800a28a2800a28a2800a28a2800a28a2800a28a28038bbaff90a5eff00d763fc85117fad5fad175ff214bdff00aec7f90a22ff005abf5aca5b96b60d2bfe3ccffbed57aa8e95ff001e67fdf6abd4c4145145001451450014514500145145001451450014514500711e35ff009180ff00d714fe55ced743e35ff9184ffd714fe55ced03168a4a280168a4a280168a4a280168a4a280168a4a2803e80a28a2b42028a28a0028a28a0028a28a0028a28a0028a28a0028a28a0028a28a0028a28a0028a28a0028a28a0028a28a0028a28a0028a28a0028a28a0028a28a0028a28a0028a28a0028a28a0028a28a0028a28a0028a28a0028a28a0028a28a0028a28a0028a28a0028a28a0028a28a0028a28a0028a28a0028a28a00e2eebfe4297bff005d8ff21445feb57eb45d7fc852f7febb1fe4288bfd6afd6b296e5ad834aff8f33fefb55eaa3a57fc799ff7daaf5310514514005145140051451400514514005145140051451401c3f8dbfe4613ff005c53f9573b9ae87c6dff002309ff00ae29fcab9da062e68cd251400b9a334945002e68cd251400b9a334945002e68cd251401f40d14515a1014514500145145001451450014514500145145001451450014514500145145001451450014514500145145001451450014514500145145001451450014514500145145001451450014514500145145001451450014514500145145001451450014514500145145001451450014514500145145001451450071775ff00214bdffaec7f90a22ff5abf5a2ebfe4297bff5d8ff0021445feb57eb594b72d6c1a57fc799ff007daaf551d2bfe3ccff00bed57a98828a28a0028a28a0028a28a0028a28a0028a28a0028a28a00e1fc6e7fe2a13ff005c53f957379ae8fc6fff002309ff00ae29fcab9ca0619a33451400668cd1450019a33451400668cd1450019a33451401f41514515a1014514500145145001451450014514500145145001451450014514500145145001451450014514500145145001451450014514500145145001451450014514500145145001451450014514500145145001451450014514500145145001451450014514500145145001451450014514500145145001451450071775ff214bdff00aec7f90a22ff005abf5a2ebfe4297bff005d8ff21445feb57eb594b72d6c1a57fc799ff7daaf551d2bfe3ccffbed57a98828a28a0028a28a0028a28a0028a28a0028a28a0028a28a00e1bc6fff002311ff00ae29fcab9bcd747e37ff009184ff00d714fe55ce5030cd19a28a00334668a2800cd19a28a00334668a2800cd19a28a00fa0e8a28ad080a28a2800a28a2800a28a2800a28a2800a28a2800a28a2800a28a2800a28a2800a28a2800a28a2800a28a2800a28a2800a28a2800a28a2800a28a2800a28a2800a28a2800a28a2800a28a2800a28a2800a28a2800a28a2800a28a2800a28a2800a28a2800a28a2800a28a2800a28a2800a28a2800a28a28038bbaff90a5eff00d763fc85117fad5fad175ff214bdff00aec7f90a22ff005abf5aca5b96b60d2bfe3ccffbed57aa8e95ff001e67fdf6abd4c414514500145145001451450014514500145145001451450070be37ff009184ff00d714fe55ce66ba3f1bff00c8c27feb8a7f2ae6e818b9a334945002e68cd251400b9a334945002e68cd251400b9a334945007d09451456840514514005145140051451400514514005145140051451400514514005145140051451400514514005145140051451400514514005145140051451400514514005145140051451400514514005145140051451400514514005145140051451400514514005145140051451400514514005145140051451401c5dd7fc852f7febb1fe4288bfd6afd68baff0090a5effd763fc85117fad5fad652dcb5b0695ff1e67fdf6abd5474aff8f33fefb55ea620a28a2800a28a2800a28a2800a28a2800a28a2800a28a280384f1c7fc8c47feb8a7f2ae6f35d278e3fe4633ff005c53f91ae6e818668cd1450019a33451400668cd1450019a33451400668cd145007d0b45145684051451400514514005155ef2f2d74fb7371797115bc0080649582a82781c9e29b657f69a95bf9f65750dcc3b8aef85c30c8ea323bd005aa28a2800a28a2800a28a2800a28a2800a2b2354f14685a2cbe56a5ab59dac98cec92501b1f4eb5674cd5b4fd66d7ed5a6de43776fb8af990b0650c3a8faf34017a8a28a0028a28a0028a28a0028a28a0028a28a0028a28a0028a28a0028a28a0028a28a0028a28a0028a28a0028a28a0028a28a0028a28a0028a28a0028a28a0028a28a0028a28a0028a28a0028a28a0028a28a0028a28a00e2eebfe4297bff5d8ff0021445feb57eb45d7fc852f7febb1fe4288bfd6afd6b296e5ad834aff008f33fefb55eaa3a57fc799ff007daaf5310514514005145140051451400514514005145140051451401c278e7fe4623ff5c53f91ae6aba4f1cff00c8c47feb8a7f2ae6e8185145140051451400514514005145140051451401f43515e2977f18b5fd6b5196dfc23e1e371147fc6f1b4ae47662aa4051ec49a893e3078a742bf8a3f14f877ca824feec4f13e3b95dc486c7a7ea2b420f70a2a8691aad9eb9a55bea7612892dae1772377f4208ec41c823d456178dbc79a7f82ac125b946b8bb9b220b64600be3b93d97df9a00eb28af0c8be267c47d4e2179a778655ed1b9565b395d48f66ddcfd456ff82be2ea6b3aa2e8bafd98d3f5077f2d1d72119bfbac1b956edce727d28035be337fc934bfff00aeb0ff00e8c5aa7f037fe49f1ffafd97f92d5cf8cdff0024d2ff00febac3ff00a316a9fc0dff00927c7febf65fe4b401e954579cfc43f89d0f841e3d3f4e8e3bbd5988668db256253fdec1cee3d87e27b67a6f095debda8e8b1def882daded2e2621d2de10c0a2e38ddb89e4fa76faf400e828a2a396548a369247544504b331c0007524fa500494578deb9f196f2eb566d33c1fa57dbd8123ce74673263baa2f3b7dc9fc05516f8ade39d09e39bc41e1a55b566c12d03c24fb06248cfd45007b956178cb579341f07ea9aa4381341093192320312157f52297c2fe27d37c5ba426a3a6b92b9db246fc344ddd587f5ef5e59f147c43e30306b7a4be8b8d03728fb6790df74329077676fdec0e940187f0e7e1ec3e3c4bfd6b5cbdb968c4db06c71be47c0662cc41e391fe457b7f85fc2fa7f84b4a3a6e9ad3181a56949998336e2003c8038e05783f807c49e35d234296dfc39a17dbed1ae199a5fb3bbe1f0a08ca903a01f9d7d0ba3cf7775a3d95c5fc5e4ddc90234d1ed2bb1c805860f2306802fd1451400514514005145140051451400514514005145140051451400514514005145140051451400514514005145140051451400514514005145140051451400514514005145140051451400514514005145140051451401c5dd7fc852f7febb1fe4288bfd6afd68baff0090a5effd763fc85117fad5fad652dcb5b0695ff1e67fdf6abd5474aff8f33fefb55ea620a28a2800a28a2800a28a2800a28a2800a28a2800a28a280383f1cffc8c47feb8a7f235cd574be39ff9188ffd714fe46b9aa0614514500145145001451450014514500145145007ace8967e1af873a42e96753b7b7dccd23bdd4c8b24849ea7a67030071d05733f13bc45e15d73c077f6d0eb161737919592dd239959f78619c0ff0074b0fa1ac5f037c29b1f10e8d0ebfe23babab9b8bdccab18971f293c166fbc49ebd476abfe3af865e14d0fc13a9ea56161247770460c6e6e1db04b28e85b07826b420bdf026577f03dc23312b1deb8407b02aa7f9935c3de467c77f1d8d95dfcf670dc345b0fdd11440923fe0454ff00df55db7c06ff00912ef3febf9bff00405ae3bc24e34dfda02ee1b8f94cb75751a96e3960ccbf9f1f98a00fa0238d228d638d5511400aa060003a002bcc7e24fc33bbf14eaf67aa68b25b5b5e229170d23152c410518100fcc3919f61e95ea5546ff57d374af2cea37d6d6824cecf3e554dd8c67193ce323f3a00e1fe2c0b85f84d32ddb2b5d0fb389997ee96dcbb88f6ce6bcfbc33f1062f077c2d36d68564d5ee6ee5f250f2225c28dec3f90ee7d81af45f8c12c73fc2fbb96270f1bbc2caca72181752083e95e55e04f85cfe30f0edfea6f782161ba2b441de550092fe8bc81c73ce7b7201d87c2cf87f25dca9e30f11133dc4ede75ac721dc493cf9adea4f503b75f4c7b3d7867c26f195c685aac9e0dd7898b12b25b990f314b9e633ec4f4f7fad7b9d0015e71f1a75a9b4af037d9ede428f7f38819875d982cc07d7007d09af47af25f8f96eefe16d367032b15e6d6f6dca71fca80353e0e786e1d23c1906a2d1a9bcd4732bbe39099c2a83e9819fa9aeef50d3ad754d3e7b1bd884b6f3a947423a83fd7deb9ef86b7915efc3bd124848212dc44c076652548fcc5759401f3d7c32b89bc2bf162efc3c6466826796d5b2782c9b99588f5c291ff02af53f8aff00f24cb5aff723ff00d1ab5e51a16756fda1249edfe6892fa790b0e81555867f1200fc6bd5fe2bff00c932d6bfdc8fff0046ad0073ff0001ff00e449bbff00afe6ff00d056bd4abcb7e03ffc89377ff5fcdffa0ad7a95001451450014514500145145001451450014514500145145001451450014514500145145001451450014514500145145001451450014514500145145001451450014514500145145001451450014514500145145001451450071775ff00214bdffaec7f90a22ff5abf5a2ebfe4297bff5d8ff0021445feb57eb594b72d6c1a57fc799ff007daaf551d2bfe3ccff00bed57a98828a28a0028a28a0028a28a0028a28a0028a28a0028a28a00e0bc73ff2319ffae29fcab9aae97c75ff002319ff00ae29fcab99cd318b452668cd20168a4cd19a005a293346680168a4cd19a005a2933466801fe10f8b579e0ed35742d634996716a4a4677f97246339dacac39c678e98149e27f1778a3e22e8979f60d2dacf41b44335c36e2de66de705b0013df681db27a57bddd699617ccaf77636d70cbd0cd0ab11f4c8ab291a47188d115630301540000f4c56841e4ff00eea37f0c6a7681879b15d8765ee1594007f356fcaaafc56f056a7fdb50f8bfc3d148f75115370912e5c32e36c8a3f8b80011ec3df1ec6a8899daa067ae0629d401e2fa7fc7c812c82ea9a2cff006d51b58c0ea1588ef83cafd39ac15b5f107c66f13dbdddcda359e8b6ff0028619da899cb05623e673803206381d315ef13e8fa65d4c26b9d3ad259473be48159bf32335715551422a80a060003000a00f3ef8bf0c76ff0b6ee08542471bc08aa3a050ea00fcaa0f81bff0024f8ff00d7ecbfc96bd2a8a00f23f8c3e036d46d4f89b4a8c8beb5506e55383220fe21fed2ff0021ec2b67e15f8ed7c57a2fd86f641fdad66a04993cca9d038f7ec7df9ef5e874500158de26d02dbc4de1ebbd22e7e559d7e57c64a30e5587d081fcab668a00f9db41f117887e10ea171a56afa63dc69b2c9b97076a96c63746d8c1c8032a7d3b1cd6c6bbf1b67d5acce9de1bd26e63bcb906312b905d3231f2aae72de873c7a57b64d04571118e7892546eaaea181fc0d436ba5d858126cec6dadd8f530c2a99fc850079cfc25f005c786ade5d63558ca6a574bb562272618c90483fed12067d303deba0f8a514937c36d623891a47658f0aaa589fde2f402bb1a2803cc7e075bcd6de0bba49e1922637ae42ba9538dabce0d7a75145001451450014514500145145001451450014514500145145001451450014514500145145001451450014514500145145001451450014514500145145001451450014514500145145001451450014514500145145001451450071775ff214bdff00aec7f90a22ff005abf5a2ebfe4297bff005d8ff21445feb57eb594b72d6c1a57fc799ff7daaf551d2bfe3ccffbed57a98828a28a0028a28a0028a28a0028a28a0028a28a0028a28a00e07c75ff002319ff00ae29fc8d7355d2f8effe4633ff005c53f91ae6b34c614519a3348028a33466800a28cd19a0028a33466800a28cd19a00fa268a28ad080a28a2800a28a2800a28a2800a28a2800a28a2800a28a2800a28a2800a28a2800a28a2800a28a2800a28a2800a28a2800a28a2800a28a2800a28a2800a28a2800a28a2800a28a2800a28a2800a28a2800a28a2800a28a2800a28a2800a28a2800a28a2800a28a2800a28a2800a28a2800a28a2800a28a28038bbaff90a5eff00d763fc85117fad5fad175ff214bdff00aec7f90a22ff005abf5aca5b96b60d2bfe3ccffbed57aa8e95ff001e67fdf6abd4c4145145001451450014514500145145001451450014514500703e3bff009190ff00d714fe46b99ae9bc77ff002321ff00ae29fc8d7319a63168a4cd19a402d1499a33400b452668cd002d1499a33400b452668cd007d1745471cb1cb1ac91b2ba3005594e4107a107bd495a10145155afafed34db66b9bdb98ade04fbd24ce1547e26802cd15c71f8a7e09171e47f6fc3bf38cf9526dffbeb6edfd6ba7b1d42cf53b55b9b1ba8ae606fbb242e194fe22802af88af66d37c37a9df5b9513dbdb492a1619195524647e15c5fc26f19eafe30b7d55f566858db3c423f2a3dbc306ce7d7a0aeb3c65ff002256b7ff005e337fe826bccff67cff008f3d7ffeba43fc9e803da28a424282c48000c927b572779f133c1b61726de7d7adfcc0707ca569141f765047eb40117c4af13dff0084bc2aba969ab0b4e6e122c4ca5860824f008e781563e1ef882f7c51e0eb5d56fc44b712bc8a444a5570ac40c024f615c87c5ed634ed6fe1aadd69b7b05dc3f6d881685c360e1b83e87d8d6dfc1aff00926961ff005d66ff00d18d401df514557bdbeb6d3ace5bcbc9d20b789773c8e70147a93401628ac687c53a14fa5c9a9c5ab599b28df63cfe680a1b19c64f7e4715931fc51f054b73f675d7e00f9c6591c2ff00df4576feb401d7d155c5edb1b2fb60b888daecf33cede366dc673bba63deb989be28f82e0b9fb3bebd017ce3288ecbff007d2a95fd6803afa2a9e9faa58eab682eb4fbb86ea02702489c30cfa71dfdaae50014560eb5e34f0e7879fcbd5356b7b7947262c967ff00be5416fd299a3f8dfc35e209443a66b16d34cdf76224a39fa2b004fe5401d0d1456459f89f43d43519b4fb4d52da6bb843192147cb2ed386c8f63401af457257bf12fc1b6170609f5eb7320383e52bc801faaa91fad6ee95ad69bae5b1b8d2efa0bb881c168981da7d08ea0fd6803428ae6b56f1f785b42b86b7d435ab78e753868d4348ca7d085048fc6ae68de2bd0bc4408d2753b7ba6519288d8703d4a9c1c7e140137882fa5d33c3ba8df4014cd6d6d24a8186465549191e9c5717f0a7c71ab78ce3d59b545b6536a6211f92857ef6ece724ff00745759e30ff912f5bffaf19bff004035e51f01aeedec6c3c4973773c704119b72d248c02a8fde7526803dca8ae43fe169782bed5f67fedf837e719f2df6ffdf5b76feb5d45adddbdf5b25c5a4f1cf048329246c19587b114013d14560eb5e34f0e7879fcbd5356b7b7947262c967ff00be5416fd28037a8ae7b47f1bf86bc4128874cd62da699beec449473f456009fcaba1a0028ac6b6f14e8579a84d616faadac9770063244ae32a1786cfa63bd52b6f881e15bcd623d26db59866bd95b6a471ab3027d0301b7f5a00e9a8a8a79e2b681e79e548a241b99dd82aa8f524f4ae567f8a3e0ab69fc9935f80be71944775ff00be9548fd6803afa2b3f4bd6b4dd6edcdc6997d05dc40e0b42e1b69f423b1fad685001451450014514500145145001451450014514500145145001451450014514500145145001451450071775ff214bdff00aec7f90a22ff005abf5a2ebfe4297bff005d8ff21445feb57eb594b72d6c1a57fc799ff7daaf551d2bfe3ccffbed57a98828a28a0028a28a0028a28a0028a28a0028a28a0028a28a00e03c77ff002321ff00ae09fc8d7335d378effe4643ff005c13f91ae6698c28a28a40145145001451450014514500145145006ffc16f115edb6a77de11d4598f9019e0566c98d95b0e83dbbe3d8fad7b657cfbe05d13c543e2adb6b7aa68b776a934b34971218192305a36f5e83711fa57d055a102330505988000c927b57ced7971a87c5ff0088874f8ae1a2d22dd999429f95215382f8eecd918fa8ec2bdd3c50ef1f84f5874243ad94c548ea0ec35e45fb3ec51b5cebf3103cc558141ee149909fd40a00ec47c17f067d8fc8fb1dc9976e3ed1f697df9f5c676ffe3b5e690cda87c1df886b666e5e6d2272ace0f4921638dd8eccb83d3d3d0d7d1b5e21fb41c318fec09b8129f3d4fa951b0fe84feb401ea3e2f7593c0fad3a302ad612956072082879af35fd9f3fe3cf5fff00ae90ff0027aece4767f830cee4963a2724ff00d72ae33f67cff8f3d7ff00eba43fc9e8024f8dfe2db8b38adbc3962ed1bdd279b72ea7059092153e84824fd00ee6ad785be0ae89169104bafc735d5f4a81a48c4ac8b113ced1b48248e8493d6b95f1f0171f1dac629b98c4f68a01e9b7e538fcc9afa12803e77f89ff000e20f08e9cba8e8f7330d3a694473db4afbb6b609520ff0010fbdd791ebcd7a57c1aff00926961ff005d66ff00d18d54fe397fc93f5ffafd8bf9355cf835ff0024d2c3febacdff00a31a803beae4fe267fc938d73febdfff006615d65727f133fe49c6b9ff005eff00fb30a00f1df85fe025f1959cf36a97938d26d66212da27dbbe5201627d06dda33d4fb62bb9f11fc15f0f4ba35c3e8f14f697d146cd1fef99d5c819c30627af4c8c537e027fc8a1a87fd7f1ff00d016bd525ff54ffee9fe5401f2ff00816cf58f19cb0f847fb46587468ddaea7507a28c0207e38c0e80926bd765f829e0f7b2f22382ee3971813adc316cfae0fcbfa5701f00ff00e46dd43febc4ff00e86b5f42d007cf1f0d2e6efc27f15ae3c36f397b79a496da41c856650c55b6fafcb8fa357a77c51f1849e12f0c6eb360350bc630c0c7f838cb363d8631ee457985affc9c6b7fd849ff00f416abbfb404acdade8d092762dbbb01eecc01ff00d045005cf87ff0a6cf5cd2935ff1399ee65bd2658e1f35972a4fde6607712dd7af4c541f127e1858f87347fedff0e79f6e6d5d4cb17985b6a92006563f302188ee7ae78c5374ef16fc53b4d36dadad3c344dbc30a2447ec2e72a1405e7773c6299aaf88be29eb3a4dd69b77e197f22e6368df6d8b86da4763bbad007a5fc35f1349e29f06db5ddc9dd790b182e0ff7997186fc4107eb9af0cd2f44bcf11fc50d5349b5bb6b54b8bab95b8915b07c90e4b0f7ce00c7e7c57a97c14d1f55d1745d4edf54b0b8b32f70af1ace854b7cb82467e82b8df871ff0025c354ff00ae977ffa11a00ef87c14f070b3f20dbdd19318f3fed0dbb3eb8fbbfa578ddddaeb7e03f1cdfe85a3decab3cc45b23af06449002bf46f9873d8e715f54d7cf9e37ff92fb63ff5f169ff00b2d0076da4fc14f0d5be9e835659efaf5941965f3d95431ebb42e38cfae6bcd3c73e1c6f865e30d3ef345b99844e3ce80c8d9652a70ca48c657047e0715f4c5785fed05ff1f9a07fd739ff009a5007a9788ae92fbe1e6a57683093e9af228f668c91fcebc03e1af8327f1a5e5d5acd7735be9301492e9636e646f982003a67ef7241c0cfad7b95cffc9206ff00b018ff00d135c1fecf7fea7c43fef5bff292803a2bef827e12b8b1686d62b9b59f1859d666739ec4827047b0c570ff000bf59bef0878f6e3c25a84a7ecf34cd0ed27e559973b5973d03631ef95f4afa06be7af1a2ac1f1fad1e11866bab466c7f7b0a3f901401e99f147c612784bc31bacd80d42f18c3031fe0e32cd8f618c7b915c4fc3ff0085367ae6949aff0089ccf732de932c70f9acb9527ef3303b896ebd7a62a9fed012b36b7a34249d8b6eec07bb3007ff004114fd3bc5bf14ed34db6b6b4f0d136f0c28911fb0b9ca850179ddcf18a0077c49f86163e1cd1ffb7fc39e7db9b57532c5e616daa4801958fcc08623b9eb9e315e8df0d7c4d278a7c1b6d7772775e42c60b83fde65c61bf1041fae6bcd355f117c53d6749bad36efc32fe45cc6d1bedb170db48ec7775aeabe0a68faae8ba2ea76faa585c5997b8578d6742a5be5c1233f41401e53068ba87887e276a9a469d3981aeaeee126941e045bc96cfa8c0e9dfa57b1e81f07b40d0353b3d4a1b9be96eed5f7ab3c8a159b1dd42f4fc6b82f879ff25cb54ffaeb77ff00a11afa06803c1fe34eaf7f7fe2bd3fc3114fe55a32c6cc09c2bbbb1018fa85c0fd6bb3b3f82de10b7b0586e6d6e2ea70306769dd589f50aa428fa60fe34bf11fe1aaf8ccc57d6770b6da9c09e583203b254c920363904127079ebf971716b3f163c1a9f67bbb09751b5887cacf179e368f4743bbfefae6802b3785b5ff00875f11209b40b7d42f74c6652ed1c4cc1a2270c8f818247383f43c57d035e65e0ff8c1a7788af22d3352b66d375090ec425b744efe80f0549f43f4ce6bd36800a28a2800a28a2800a28a2800a28a2800a28a2800a28a2800a28a2800a28a2800a28a2800a28a28038bbaff0090a5effd763fc85117fad5fad175ff00214bdffaec7f90a22ff5abf5aca5b96b60d2bfe3ccff00bed57aa8e95ff1e67fdf6abd4c4145145001451450014514500145145001451450014514500701e3bff9190ffd704fe46b99ae9bc77ff2321ffae09fc8d7334c6145145200a28a2800a28a2800a28a2800a28a2803d6fc3df11345f13f886ef47d38ccef029659fcbfddcaa300907b0c9ef8cf6aec2b03c31e11d23c25606db4bb7285b06599cee9243ee7fa0c015bf5a104373047776b2db4cbba3951a375f5523047e46be78f066a0df0c7e245e697ac168ad26cc0f2b0c2edce525ff77f96e3e95f46d731e2cf02e8de31b744d461759e31fbbb984859147a671823d8d006e0d4ec0d9fdb45edb9b5c67cff00357663d776715f3f78eb546f897f10ecb48d118cb6d0fee239546549272f27fba001cfa2fbd7487f67db5fb464788a6f23fb9f651bb1fef6ec7e95e81e13f0268be0d85c69f0bbdc483125ccc4348c3d338000f614012f89ad63b1f879aa5a4231141a6c91a0f4558c81fa0af3afd9f3fe3cf5ff00fae90ff27af5bd574f8f55d26ef4f919923ba85a2665c6543020919efcd60782bc0963e088af23b1bab9b8174cace66dbc6dce31803fbc6803ccfe37e9375a7788f4df13db29119558d9c0fb92a3165cfd474ff74d7aaf85bc61a578a34882f2daee1131406680b80d1377041e719ce0f715abaa69565ace9d369fa84093db4ab8647fe60f623b11d2bcaaf7f67fb092e8bd96bb710404e7cb92dd64603d03065fe54010fc6cf1669373a2c3a1d9dd477578675964f25c32c4aa186188e3249e9edcf6aeafe0d7fc934b0ffaeb37fe8c6aa317c14f0f45a0dc69eb35c1ba9caeebd60a5d429070a3a2838e7bfbd761e13f0dc3e14f0f43a45bdc493c7133b0770013b98b76fad006e5727f133fe49c6b9ff5efff00b30aeb2b335fd1a1f1068577a54f2491c5729b19a3c6e0320f19e3b50079dfc04ff914750ffafd3ffa02d7aa49fea5ff00dd3fcab9ef06f83acfc17a64f6365713cf1cb31959a6c641c01818038e2ba365dca54f4231401f3dfc03ff0091b750ff00af13ff00a1ad7d0b5c47837e1a699e0ad4a7beb2bcbb9e49a1f28acdb700641c8c01cf15dbd007cef6bff271a7fec22fff00a0b575df1d3c3b36a3a1d9eb16d1977b06659428c9f2db1c9f60547fdf46ba28fe1969b1f8e0f8ac5edd9bb3399fc93b76648231d338e7d6bb4962496368e4457460432b0c820f5047a500703f0cfc73a76bde1cb3b09eea38b53b58d6192191c069028c065cfdec8033e873ed5d3f887c53a3f866c5eeb52bd8e3daa76c21819243e8abd49fd3d6b87d73e06685a95cc971a75e4fa6b39c98d5049183eca48207b66aae95f01349b69d64d4f55b8bd453931c7188437b139638fa11401dff00857c5369e2dd0e3d52ca29a346628c92ae0ab0ea01e847b8fe7c578d7c38ff0092e1aa7fd74bbffd08d7bdd9d9db69f6915a5a4090dbc4a1523418551e805723a17c36d3742f16dc788a0bdbb92e666959a37dbb06f3938c0cf1f5a00edabe7cf1bffc97db1ffaf8b4ff00d96be83ae2756f86da6eafe328bc4d35edda5d44f1388936ec25318ea33ce3d6803b6af0bfda0bfe3f340ffae73ff34af74ae3fc6bf0f74ff1bcb64f7d777301b50c1443b7e6dc4673907fba28016e7fe49037fd80c7fe89af23f831e2ed3bc3daa5f586a52ac097e2331cee70aaebbbe527b03bbafb7bd7bb49a1c52785db4212bac26cfec824c02c176eccfa6715c5d8fc18f0fdb68773a65d4b3dd19a412a5c101648980c7ca4763dc1c8a00edafbc41a4e9960d7d77a8db476eab9de640430f6c753ec2bc1bc2a26f1ff00c667d68230b58a7fb53161f7510058d4fb9c28fceba6ff00867db3fb56eff84827fb3e7ee7d9977e3fdedd8ffc76bd23c2fe13d2fc23a6fd8b4c84a863ba595cee791bd49fe4070280383f8e9e1d9b51d0ecf58b68cbbd8332ca1464f96d8e4fb02a3fefa35b1f0cfc73a76bde1cb3b09eea38b53b58d6192191c069028c065cfdec8033e873ed5df4b124b1b47222ba302195864107a823d2bcc35cf819a16a57325c69d793e9ace72635412460fb292081ed9a00ee3c43e29d1fc3362f75a95ec71ed53b610c0c921f455ea4fe9eb4cf0af8a6d3c5ba247aa59453468cc519255c1561d403d08f71fcf8ae034af809a4db4eb26a7aadc5ea29c98e38c421bd89cb1c7d08af55b3b3b6d3ed22b4b48121b78942a46830aa3d00a00f06f879ff0025cf53ff00aeb77ffa11afa06b89d0fe1be9ba1f8bae3c4705eddc973334acd1bedd8379c9c60678cfad76d401e41e28f88faf784fe22a69d7eb6eba1bc88e1c424b989b1b8839e483bbb76af52b3d5b4fd46d45d59dedbcf0633e647202bf89ed599e27f08e91e2eb116baa4058a1262950e1e327ae0ff30722bce26fd9fad5a7cc3e219922cfdd7b50cdf98603f4a00e4fe2b4ba7ea9f10edd7c3cf14d76e88923db11879cb1c72382d8db93fe15f48a060803105b03247ad711e11f85ba0f84ee56f53ccbcbe030b35c63e4f52aa3807df93ef5dcd001451450014514500145145001451450014514500145145001451450014514500145145001451450071775ff00214bdffaec7f90a22ff5abf5a2ebfe4297bff5d8ff0021445feb57eb594b72d6c1a57fc799ff007daaf551d2bfe3ccff00bed57a98828a28a0028a28a0028a28a0028a28a0028a28a0028a28a00e03c77ff2321ffae09fc8d7335d378eff00e4643ff5c13f91ae6698c28a28a40145145001451450014514500145145007d17451456840514514005145140051451400514514005145140051451400514514005145140051451400514514005145140051451400514514005145140051451400514514005145140051451400514514005145140051451400514514005145140051451400514514005145140051451400514514005145140051451401c5dd7fc852f7febb1fe4288bfd6afd68baff0090a5effd763fc85117fad5fad652dcb5b0695ff1e67fdf6abd5474aff8f33fefb55ea620a28a2800a28a2800a28a2800a28a2800a28a2800a28a280380f1dffc8c87feb827f235ccd74de3bff9190ffd704fe46b99a630a28a290051451400514514005145140051451401f45d14515a10145145001451450014514500145145001451450056bdbdb5d3ad24bbbcb88edede319796460154671c93ee4545a6eafa76b56ed71a6dec1770ab6d6785c32838ce323bf22b9ef8a5ff0024d75bff00ae4bff00a1ad735f017fe44cbdff00afe6ff00d016803d528a28a00a3aa6b1a7e8b666ef52bc86d60071be57c027d07a9f61581a57c49f0a6b9aac5a6e9faa19aea5244686091431009382540e80f5af24f88125c78c3e3041e1e79992d629a3b5400e76865567603a6793ff007c8af58d0fe19785bc3d7d6b7f636120bdb6c949dee1d89254a924676f427b500761451450014514500145145001451450014515c67c4bf0d6ade28f0b8b0d22e163984caee8ee55655008da48f720e0f1c50076758b3f8af41b6d6468f36a96e9a8975416e5be6cb0040c7b823f3aa5e03d1752f0ff00846d34dd56e7cfba88b64862c154b12aa09ea00ff0af1ef127fc9c547ff5ff0069ff00a2e3a00fa228acaf11d8ddea7e1cd42c6c67f22ea781a38a5c91b588e391c8fad721f0afc1faef84acf508f59b94659e456860490b842376e6cf62d91d3d39a00f44a28a2800a28a2800a28a2800a28a2800a28a2800a28a2800a28a2800a28a2800a28a2800a28a2800a28a2800a28a2800a28a2800a28a2800a28a28038bbaff0090a5effd763fc85117fad5fad175ff00214bdffaec7f90a22ff5abf5aca5b96b60d2bfe3ccff00bed57aa8e95ff1e67fdf6abd4c4145145001451450014514500145145001451450014514500701e3bff9190ffd704fe46b99ae9bc77ff2321ffae09fc8d7334c6145145200a28a2800a28a2800a28a2800a28a2803a8d0be2178b7c71e2d96d74082dad7488d8179a684bb471fab1ce0b373851fd09af625042804e481c9f5ac6f0cf86b4ef0b68d169ba7c7845e5e46fbd2b77663ebfcba56d56840570df107e22daf82ada38522173aa4ea5a284b615474dcc7d33d07538edd6bb9ae375ff01f86f52d78788f5792512c1b18f992858942e300823a7af3de80380875ef8c9abc02fecac0436cc372a08615c8f6590ee35a1e10f8b7a83f881340f16588b6ba77112cca850ab9e8aea7a672391ea38c723b2baf8a1e0ab290a4bafc0cc383e523ca3f35522bc47e2af88f46d7bc5569a9e837426096eaaf2889a321d5988fbca0920639a00fa2f5fbd974ef0f6a57d6fb7ceb7b69254dc32372a92323ea2bc6b45f8d5ac4da6dc4335925feb32caa9670411301820e5980c96e71803f4af5cf16127c15ac93d4d84c7ff1c35e4bf002c2da5bad6afa48835cc0b0c7139eaaadbf763ebb47e5400cd47c4bf182c216d52e6c8c366a37322db44c1475e40cb01f535dc7c35f889ff09adbcf6d771241a9db286758f3b644271b941e460e011ee3d78ef9955d4ab00548c10464115f3efc2845b2f8bba8dac036c4ab731851d02ab8c0fd05007b5f89fc4565e16d0e7d52f98f971e02a2fde918f451ee7f4193dabc6edfc7ff0012fc5f73249e1bb210db236310c08cabeccf20c138f4c7d2a5f8fba9cafaa693a5062218e16b8651d1999b68cfd029ff00be8d7b0f8674687c3de1bb0d2e14551042aae40c6e7c6598fb9393401e2be25f1cf8a62f0cea3e1ff18690d04f751016f7289b433060c41c12ac303aaf4f4aeb7e02ff00c8997bff005fcdff00a02d6efc59b482ebe1c6a8f344aed0aa491123956de0647e048fc6b0be02ff00c8997bff005fcdff00a02d007aa5733e3693c509a2c67c2712c9a879ebb95cc60797839fbe40eb8f7ae9a8a00f945dfc57ff000b3033449ff093fda41d998f6f99b46075dbd3df15ee7e0497e2049a85d0f185bc715b08879054c272f9e7ee313d3d6bcce6ff00938d1ff6115ffd0057d0f401e73f107e2745e129d74bd36dd6f357902b156c95881e9903924f6031d73f5e586b1f1a278bedf1d86c808dde4f910838ff00758eff00c3ad7717be06f0b587891bc5da8dc491dcacde717b9b851106c6070476e3033d854b71f153c116ce524d7a22c3bc70c920fcd548a00e73c03f15a6d7356fec1d7ed52d3522c5637452aaec3aab29e55b83f5e9c1ebdbf8cf56b9d0bc1fa9ea767b3ed16d16f4deb95ce40e47e35e0faeeafa56adf19f4fd53439c4b6f35ddab19151932fb9549c3007b7a57b57c4cff9271ae7fd7bff00ecc2803cdf48f8bfe26d574dfb0d8e92ba86bb24a4a98e23e5c716060900f2724f24802abea5e2cf8b7e1f5fed0d52d8ada03920db44f1a8ff0068a7ccbf89adff008096b00f0dea574225170d77e59931c950aa40cfa649fcebd52fede2bdd3ee6da650d14b1323a9e841041a00f298be37c13f86a2921d39a5f104b2792b66992a5b8c3e7aed39e17ae723deb2aef5ff008cab19d43fb3de2b7c6ef263b589b03dd4e5eb1be0658dbdd78dae279a3577b5b46922dc33b58b2ae47be09fcebe8da00f31f86bf13a4f16dd4ba56a904716a2886447881092818c8c13c30ebf4f4c56c7c4ff0014ea3e12f0cc57fa618bcf6b9588f9a9b86d2ac4f191e82bcaf495163fb44324036aff00684c303818656c8fd4d777f1dffe446b7ffafe4ffd05a803a9f006b979e24f0469fab5ff0097f6a9fcddfe5ae07cb2328c0fa28af1df127fc9c547ff005ff69ffa2e3af50f841ff24bb47facdffa39ebcbfc49ff0027151ffd7fda7fe8b8e803dcbc4d7f3e95e18d4f50b6dbe7db5b3cb1ee19195048c8ae47e14f8cb56f18d86a536aa602f6f2a227929b460824e793e95d278e3fe444d77febc65ffd04d79e7ecfdff208d6bfebe23ffd05a803d13c59e2bd3fc21a2b6a37e4b64ed8a14fbd2b7a0f4f527b57945bf8d3e2978bc35df87b4f5b7b30c42948a3c1c1e9ba5e09fa5677c5ebf5d5fe265ae8f717221b3b558a291dce047bf0ccde9f74afe55eb967e32f0569f65059daebda5c70428238d1675c05030050079fe87f15f5ed1b5f8f47f1c588803900cfe5f96c99380cc07ca57dc7eb5eced222c6652ca100dc589e00eb9cfa57887c67d53c37af68d6375a6ea967757f6f3ecc43206631b292738ec081f4cfbd76fe159ae3c4bf06e08d1bfd267d3e5b556638cb2ee8c64fbe07e7401c7eabf15fc41af6b92695e07d3c4cab902768f7bb80705803f2aaf4fbdfa74aa779e30f8afe148c5eeb96492da646e69218995727a1688fcbe9cd637c2ff1658f80f5ad4ecb5fb796d9a7d91b4be596313296cab28e707776cf415ee31eb3e1cf1769d3d85b6a7697715cc4d1bc71ca376d2307e53c83cfa50045e0bf18d978cf4417d6c8d14b1b6c9e063931b633d7b83d8d74b5c9783fc01a6782a5bb7d3ae2ee4fb52aab89dc11f2938230073c9aeb6800a28a2800a28a2800a28a2800a28a2800a28a2800a28a2800a28a2800a28a2800a28a2800a28a2800a28a28038bbaff0090a5effd763fc85117fad5fad175ff00214bdffaec7f90a22ff5abf5aca5b96b60d2bfe3ccff00bed57aa8e95ff1e67fdf6abd4c4145145001451450014514500145145001451450014514500701e3bff9190ffd704fe46b99ae9bc77ff2321ffae09fc8d7334c6145145200a28a2800a28a2800a28a2800a28a2803d6be1df8da1f19680b2b955d46df097510c0e7b301e8dfa1c8ed5d8d7cfba8f8775df867f101351d02caeaf34c9892a90c6ce0c64fcd1b601c11d89f63eb5ef161789a8d841771c72c692a07092a1565cf620f208ad082d57cff00f102fef7c63f14a0f090b97874f8a74802a9e0b100b391dc8c9033e9ef5f405786fc50f056b563e2b5f176810c9365d2491615dcf14aa000db7b83b47af39cf5a00ef74ff855e0ed3edd63fec78ee180e65b8667663ebd703f002bc7fe32e89a5e85e26b1b6d2aca1b489ed03ba44300b6e6193f8015bd07c6cf13dc20b287c3b0cba87ddca248dcff00b839fd6b8ff18786fc6735e5beabae5adcdc5ddfab3ed8d19cc2a0e02b05185e08c2ff005cd007d17e2bff00912358ff00af097ff4035e61fb3dff00a9f107fbd6ff00ca4af49d6249352f87d7b2470c865b8d35cac5b0eedcd19f976f5ce4e315e7ff000274dbfd362d745ed8dcdb17306cf3a264dd812671b80ce323f3a00f62af9f7e197fc969d53fdebaff00d0ebe82af09f875a4ea56bf17f52bab8d3eee2b76373b6692060a72fc6188c7340153e3d5bc90f8a74cbcda7cb92d36ab762cac491ff008f2fe75eefa7dec5a8e9d6d7d0b662b8896543ecc011fceb9af889e0e5f19f871ad63658ef606f36da46e9bb182a7d88e3eb83dabc9343f1ff008abe1d5b8d1356d19a682162b12cfb91979e8ac010cb9ce3afb1c5007ad7c53e3e1a6b7ff5c97ff462d737f017fe44cbdffafe6ffd016b90f10eabe37f88ba25cc9fd9474fd1ad10dc140ad99d8740091973e8000077ed5da7c0eb5b8b4f07de25cdbcb0b9bd6216442a48dabce0d007a7d1451401f3c4dff271a3fec22bff00a00afa1ebc265f0feb07e3d0d48697766cbedcadf68f25b66dda06776318af76a00f9e352377f133e2e49a2ddddc9169d6d3491a46a78548f3b881d37311d7dfd062bd5ad3e17f832d2111ae8704b81cbcaccec7dc927f95798f8d7c29e21f0778e5bc57a0c12dc5bc9335c068d0b98d9bef2ba8e769cb73e87d6acc5f19bc57ab20b2d2bc3b135f30da5a3579307d76f6fc49a00c7f16e9561a37c67d32cf4db58adadd6e2d5bcb8c600258135ec5f133fe49c6b9ff005eff00fb30af0ad47c3de28d1bc67a7ea5ad5b5cde5d3cb15e4f2428d2edf9b2549518dc02f41c0e315ef1f10e196efe1f6b30dbc524d2c906112352ccdc8e8072680391f809ff002286a1ff005fc7ff00405af5493fd4bffba7f95799fc10b0bcd3fc2b7d15eda4f6d235e16559a32848d8bc8040e2bd3251989c0ebb4ff2a00f9f7e01ff00c8dda8ff00d789ff00d0d6be85af06f81fa46a5a7f8a6fe4bdd3eeeda36b32aad3c0c809debc0240e6bde6803e77b5ff00938d6ffb093ffe82d5dcfc77ff00911adffebf93ff00416ae4adb48d4c7c7e6bd3a75e0b4fb7bb79e616d9b76b73bb18c5767f1aacaeeffc19043676b3dcca2f518a431976036b73803a50068fc20ff925da3fd66ffd1cf5e5fe24ff00938a8ffebfed3ff45c75eabf0aad6e2cfe1b6936f7504b04cbe76e8e552ac332b9190791c106bcdfc41a46a72fc7d4bd8f4ebc6b417b6ade7ac0c53012304eec630307f2a00f5bf1c7fc889aeffd78cbff00a09af3cfd9fbfe411ad7fd7c47ff00a0b57a2f8ce292e3c15ad450c6f24af672aaa2292589538000ea6b82f817a75ee9da56b097d65716ccf3c6504f132161b4f4dc06680387f899a7dbafc6361a9b3c76378f6ecee0e088caaa3104f4c6d6af461f033c244644ba911ff5f0bffc4d5bf89ff0fcf8c74e8aeac3626ab6a088f71c0950f2509ec73c83f5f5c8e0b4af89fe2af055947a56bfa0cb70b02f971bcc5a170a380376d60c074071f89a00ecff00e145f84bfe7aea7ff810bffc4d75ba658e93e04f0badb7da4c1a6da124cd72e0e373679200fe26c74af25baf15f8ebe243c5a7e8da6cba5d93382f3a33280073969481c0eb85193ef5ebd3e83fda1e126d0b54ba7bb696d84335c30019db1f7b1eb9e7f0a00cdbbd1bc1df106d1ae5a1b4d4555bcbfb4c2c55d4819c6e5c1e32383c5707e23f8216d6b672df787750ba4b9814ca90cc436ec7385600153e9d7f0eb5cfd84be33f843a8dddb8d38dee992b062e118c4f8e8cacbf75b1c107f23c5685f7c61f11788ac64d3f43f0e3c53cca636923769d802304801460fb9cd006ff00c18f1a6a1af4377a3ea9335c4d688b2c33b9cb32138218f7c12304f3cfb57ad5799fc25f01dd7852c6e750d51426a178aa822072628c73824772793e981ef59ff14354f1d597896c63f0ea5e8b2f29581b5837869371c86e0f6dbc1e2803d728aaf646e1ac2ddaed552e5a25332a9c857c0c81ed9cd58a0028a28a0028a28a0028a28a0028a28a0028a28a0028a28a0028a28a0028a28a0028a28a0028a28a00e2eebfe4297bff005d8ff21445feb57eb45d7fc852f7febb1fe4288bfd6afd6b296e5ad834aff8f33fefb55eaa3a57fc799ff7daaf5310514514005145140051451400514514005145140051451401c078effe4643ff005c13f91ae66ba6f1dffc8c87feb827f235ccd3185145148028a28a0028a28a0028a28a0028a28a00fa2e8a28ad080a28a2800a28a2800a28a2800a28a2800a28a2800a28a2800a28a2800a28a2800a28a2800a28a2800a28a2800a28a2800a28a2800a28a2800a28a2800a28a2800a28a2800a28a2800a28a2800a28a2800a28a2800a28a2800a28a2800a28a2800a28a2800a28a2800a28a2800a28a2800a28a2800a28a28038bbaff90a5eff00d763fc85117fad5fad175ff214bdff00aec7f90a22ff005abf5aca5b96b60d2bfe3ccffbed57aa8e95ff001e67fdf6abd4c4145145001451450014514500145145001451450014514500701e3bff009190ff00d704fe46b99ae9bc77ff002321ff00ae09fc8d7334c6145145200a28a2800a28a2800a28a2800a28a2803e8ba28a2b42028a2a8dfeada769488da85f5bda2b9214cd22a0623a8193cd005ea2a28278ae6049e091658a450c8e8d90c0f4208ea2a5a0028a2bcbd7e2bdc37c4cff008463fb247d97ed3f65f3779f33774dd8e9b73dbd39cf6a00f50a28a2800a28a2800a28a2800a2b364d7b488b501a7c9a9da25e9609f6769543ee201036e739208fceb4a800a2bc5ac7c69e2197e36b68526a6e74c17b2c420d8b8daaac40cedcf503bd7b4d001451450014514500145145001451450014514500145145001451450014514500145145001451450014514500145145001451450014514500145145001451450014514500145145001451450014514500145145001451450071775ff214bdff00aec7f90a22ff005abf5a2ebfe4297bff005d8ff21445feb57eb594b72d6c1a57fc799ff7daaf551d2bfe3ccffbed57a98828a28a0028a28a0028a28a0028a28a0028a28a0028a28a00e03c77ff002321ff00ae09fc8d7335d378effe4643ff005c13f91ae6698c28a28a40145145001451450014514500145145007fffd9, 'administrator');
INSERT INTO `utente` (`user_id`, `username`, `password`, `nome`, `cognome`, `data_di_nascita`, `email`, `immagine_profilo`, `tipo`) VALUES
(14, 'mikesh', '$2a$12$y2pKyu5u9jIH3j6HUjIGj.ToB/IWRPvnWHGQAAhIIAKgkPZ8AjgMO', 'Stefano', 'De Ciantis', '1995-07-26', 'mikesh07mail@gmail.com', 0x30, 'moderator'),
(18, 'asd', '$2a$12$rWmJMJWrsgc0KYtbYUcEZuDZ9csBd/Y035eRkijCEacg.mLi2C6VK', 'asd', 'asd', '1996-11-11', 'asd@asd.com', 0x30, 'user'),
(19, 'filippo', '$2a$12$ZFe1bIlJcc0jup41nag.t.CqeVyWCOsjbFL7EodMfIrj//U8HCEym', 'Filippo', 'f', '1994-12-12', 'f@f.com', 0x30, 'user'),
(20, 'davide', '$2a$12$wbYnbrESGQDpqK7qJMOmXe.uphPoEUAb5TsX2x4h3Nt6DsdgBJaxm', 'davide', 'ddd', '1996-09-21', 'asd@asd.com', 0x30, 'user'),
(21, 'emilio', '$2a$12$trUzuzEiW2X6nlSr7Hqc8.Ar7X0vtMF6jxkXfl2C.Ril0ZEvfptZe', 'emilio', 'asd', '1995-12-21', 'a@a.com', 0x30, 'user');

--
-- Indici per le tabelle scaricate
--

--
-- Indici per le tabelle `achievement`
--
ALTER TABLE `achievement`
  ADD PRIMARY KEY (`achievement_id`),
  ADD KEY `gioco_id` (`gioco_id`);

--
-- Indici per le tabelle `achievement_ottenuti`
--
ALTER TABLE `achievement_ottenuti`
  ADD PRIMARY KEY (`achievement_ottenuti_id`),
  ADD KEY `achievement_id` (`achievement_id`),
  ADD KEY `user_id` (`user_id`);

--
-- Indici per le tabelle `game_profile`
--
ALTER TABLE `game_profile`
  ADD PRIMARY KEY (`game_profile_id`),
  ADD KEY `user_id` (`user_id`);

--
-- Indici per le tabelle `gioco`
--
ALTER TABLE `gioco`
  ADD PRIMARY KEY (`gioco_id`);

--
-- Indici per le tabelle `recensione`
--
ALTER TABLE `recensione`
  ADD PRIMARY KEY (`recensione_id`),
  ADD KEY `user_id` (`user_id`);

--
-- Indici per le tabelle `timeline`
--
ALTER TABLE `timeline`
  ADD PRIMARY KEY (`timeline_id`),
  ADD KEY `user_id` (`user_id`),
  ADD KEY `gioco_id` (`gioco_id`);

--
-- Indici per le tabelle `utente`
--
ALTER TABLE `utente`
  ADD PRIMARY KEY (`user_id`);

--
-- AUTO_INCREMENT per le tabelle scaricate
--

--
-- AUTO_INCREMENT per la tabella `achievement`
--
ALTER TABLE `achievement`
  MODIFY `achievement_id` int(11) NOT NULL AUTO_INCREMENT, AUTO_INCREMENT=12;
--
-- AUTO_INCREMENT per la tabella `achievement_ottenuti`
--
ALTER TABLE `achievement_ottenuti`
  MODIFY `achievement_ottenuti_id` int(11) NOT NULL AUTO_INCREMENT, AUTO_INCREMENT=36;
--
-- AUTO_INCREMENT per la tabella `game_profile`
--
ALTER TABLE `game_profile`
  MODIFY `game_profile_id` int(11) NOT NULL AUTO_INCREMENT, AUTO_INCREMENT=31;
--
-- AUTO_INCREMENT per la tabella `gioco`
--
ALTER TABLE `gioco`
  MODIFY `gioco_id` int(11) NOT NULL AUTO_INCREMENT, AUTO_INCREMENT=7;
--
-- AUTO_INCREMENT per la tabella `recensione`
--
ALTER TABLE `recensione`
  MODIFY `recensione_id` int(11) NOT NULL AUTO_INCREMENT, AUTO_INCREMENT=19;
--
-- AUTO_INCREMENT per la tabella `timeline`
--
ALTER TABLE `timeline`
  MODIFY `timeline_id` int(11) NOT NULL AUTO_INCREMENT, AUTO_INCREMENT=23;
--
-- AUTO_INCREMENT per la tabella `utente`
--
ALTER TABLE `utente`
  MODIFY `user_id` int(11) NOT NULL AUTO_INCREMENT, AUTO_INCREMENT=22;
--
-- Limiti per le tabelle scaricate
--

--
-- Limiti per la tabella `achievement`
--
ALTER TABLE `achievement`
  ADD CONSTRAINT `achievement_ibfk_1` FOREIGN KEY (`gioco_id`) REFERENCES `gioco` (`gioco_id`);

/*!40101 SET CHARACTER_SET_CLIENT=@OLD_CHARACTER_SET_CLIENT */;
/*!40101 SET CHARACTER_SET_RESULTS=@OLD_CHARACTER_SET_RESULTS */;
/*!40101 SET COLLATION_CONNECTION=@OLD_COLLATION_CONNECTION */;
