-- phpMyAdmin SQL Dump
-- version 4.7.0
-- https://www.phpmyadmin.net/
--
-- Host: 127.0.0.1
-- Creato il: Giu 25, 2017 alle 12:30
-- Versione del server: 10.1.22-MariaDB
-- Versione PHP: 7.1.4

SET SQL_MODE = "NO_AUTO_VALUE_ON_ZERO";
SET AUTOCOMMIT = 0;
START TRANSACTION;
SET time_zone = "+00:00";


/*!40101 SET @OLD_CHARACTER_SET_CLIENT=@@CHARACTER_SET_CLIENT */;
/*!40101 SET @OLD_CHARACTER_SET_RESULTS=@@CHARACTER_SET_RESULTS */;
/*!40101 SET @OLD_COLLATION_CONNECTION=@@COLLATION_CONNECTION */;
/*!40101 SET NAMES utf8mb4 */;

--
-- Database: `untitled_gaming`
--

-- --------------------------------------------------------

--
-- Struttura della tabella `achievement`
--

CREATE TABLE `achievement` (
  `achievement_id` int(11) NOT NULL,
  `nome` varchar(20) NOT NULL,
  `descrizione` varchar(300) NOT NULL,
  `gioco_id` int(11) NOT NULL
) ENGINE=InnoDB DEFAULT CHARSET=latin1;

--
-- Dump dei dati per la tabella `achievement`
--

INSERT INTO `achievement` (`achievement_id`, `nome`, `descrizione`, `gioco_id`) VALUES
(7, 'Giocatore d azzardo', 'Hai girato 20 volte nella stessa sessione senza comprare crediti', 2),
(8, 'Giorno fortunato', 'Hai vinto piu di 1500 crediti in una sessione', 2),
(9, 'Inarrestabile', 'Ottieni 500 punti xp durante una sola sessione', 6),
(10, 'Serpentone', 'Raggiungi una lunghezza del serpente pari a 30', 6),
(11, 'Digiuno', 'Sei riuscito a perdere senza aver mangiato nulla. Bravissimo.', 6);

-- --------------------------------------------------------

--
-- Struttura della tabella `achievement_ottenuti`
--

CREATE TABLE `achievement_ottenuti` (
  `achievement_ottenuti_id` int(11) NOT NULL,
  `user_id` int(11) NOT NULL,
  `achievement_id` int(11) NOT NULL
) ENGINE=InnoDB DEFAULT CHARSET=latin1;

-- --------------------------------------------------------

--
-- Struttura della tabella `game_profile`
--

CREATE TABLE `game_profile` (
  `game_profile_id` int(11) NOT NULL,
  `user_id` int(11) NOT NULL,
  `livello` int(3) NOT NULL,
  `punti_esperienza` int(10) UNSIGNED DEFAULT NULL
) ENGINE=InnoDB DEFAULT CHARSET=latin1 ROW_FORMAT=COMPACT;

--
-- Dump dei dati per la tabella `game_profile`
--

INSERT INTO `game_profile` (`game_profile_id`, `user_id`, `livello`, `punti_esperienza`) VALUES
(31, 1, 1, 0),
(32, 2, 1, 0),
(33, 3, 1, 0),
(34, 4, 2, 605);

-- --------------------------------------------------------

--
-- Struttura della tabella `gioco`
--

CREATE TABLE `gioco` (
  `gioco_id` int(11) NOT NULL,
  `nome` varchar(20) NOT NULL
) ENGINE=InnoDB DEFAULT CHARSET=latin1;

--
-- Dump dei dati per la tabella `gioco`
--

INSERT INTO `gioco` (`gioco_id`, `nome`) VALUES
(2, 'SlotMachineGUI'),
(6, 'Snake');

-- --------------------------------------------------------

--
-- Struttura della tabella `recensione`
--

CREATE TABLE `recensione` (
  `recensione_id` int(11) NOT NULL,
  `user_id` int(11) NOT NULL,
  `testo_recensione` varchar(250) NOT NULL,
  `voto` int(11) DEFAULT NULL,
  `gioco_id` int(11) NOT NULL,
  `approvata` tinyint(1) NOT NULL
) ENGINE=InnoDB DEFAULT CHARSET=latin1;

-- --------------------------------------------------------

--
-- Struttura della tabella `timeline`
--

CREATE TABLE `timeline` (
  `timeline_id` int(11) NOT NULL,
  `user_id` int(11) NOT NULL,
  `gioco_id` int(11) NOT NULL,
  `data_ultima_sessione` date NOT NULL,
  `esperienza_guadagnata` int(10) NOT NULL
) ENGINE=InnoDB DEFAULT CHARSET=latin1;

--
-- Dump dei dati per la tabella `timeline`
--

INSERT INTO `timeline` (`timeline_id`, `user_id`, `gioco_id`, `data_ultima_sessione`, `esperienza_guadagnata`) VALUES
(1, 1, 1, '1998-10-11', 0),
(2, 2, 1, '0002-11-30', 0),
(3, 3, 1, '1996-11-22', 0),
(4, 4, 6, '2017-06-25', 30);

-- --------------------------------------------------------

--
-- Struttura della tabella `utente`
--

CREATE TABLE `utente` (
  `user_id` int(11) NOT NULL,
  `username` varchar(60) NOT NULL,
  `password` varchar(60) NOT NULL,
  `nome` varchar(20) NOT NULL,
  `cognome` varchar(20) NOT NULL,
  `data_di_nascita` date NOT NULL,
  `email` varchar(35) NOT NULL,
  `immagine_profilo` mediumblob NOT NULL,
  `tipo` char(20) NOT NULL
) ENGINE=InnoDB DEFAULT CHARSET=latin1;

--
-- Dump dei dati per la tabella `utente`
--

INSERT INTO `utente` (`user_id`, `username`, `password`, `nome`, `cognome`, `data_di_nascita`, `email`, `immagine_profilo`, `tipo`) VALUES
(1, 'gianniluzi', '$2a$12$UD02UP75Obn.p0NmujC.8.Pd3hg11wRiQ6wVyoEnhTr7e1lZP00sq', 'gianni', 'luzi', '1998-10-11', 'gianni@luzi.it', 0x30, 'user'),
(2, 'admin', '$2a$12$tORVTaUD9EZ2urYGKGkEw.i34EicUGuvYF0j1JmRNj4QIrOoKdHDi', 'admin', 'admin', '0002-11-30', 'admin@admin.it', 0x30, 'administrator'),
(3, 'mikesh', '$2a$12$Sd9fywL2aohn2juUR4ONzeqFyKVrZJp88zQxwmBypndeDKCWxrdFu', 'Stefano', 'Dec', '1996-11-22', 'mmike@sh.it', 0x30, 'user'),
(4, 'moderator', '$2a$12$DmApS7jgdMcRpubRZ5snAuxXM8TQfGPIC7fpkW.53urspLmvI4KFq', 'b', 'b', '1111-11-11', 'b@tin.it', 0x89504e470d0a1a0a0000000d49484452000000af000000aa0806000000db5f1fc6000040274944415478daeddd077855e7992770cfeeec6676669e7d76333b6de30a58ba578d0e3698628374afca55efa04253efbd7709092140a2f7de9b01530c02d33bc6e0829db8264ee26432c96426996466f3e9dbf7ff9efb5e0e8a9deacc98f89ce7f93d96ae550ebaff73effbd5f3c823d6611dd6611dd6611dd6611dd6611dd6611dd6611d5fa4636ad3d43f85e85afb136ecf8494f8c68023c7360f9c053ed320b2de7f34abf31b0a714dbe7ff9873e3ffa1d5f85a83a3f3b44d6fa8c03679e77785096f76c082db28742748d7d144455dbfe0aac67d70aaf155eebf8621dd145f6bf87d07cdf4a7064dbcf435096ed5f82b26d1a9c39de8c3e1e6059b61f8033c77e83e5da964554f8c4426895ffff86dff7bc224a7d7d2034df5e0441d9debb80ceed6da0dfffcf8ccfcf20e74b8f7f1f9c79b61de02af78d49290bf80bb09e712bbc5678ade33fef082df61f028e6cdb29a027fd5fc191ffb466e54f6847e563860af1b8a1f40943d110438ef72f28503f703b06a1c5f6e9f0db9c5346c6e8ff06c1453eb31d393ef72028dbfeafe0c8f5d2acf829e6ac78c2ed711d5cfdc40342ca873047aeb762d9f67f08ceb7af80a6a647fe0b5809b0c26b85d73afe630e6af0fc77082bf1cda527f447e0ccf3d2e0287f7c00826b1fd310def4948a69f762b11dde1a225b862ac0ff83d0fac735386b1e1d70943dc19c147ca00be12706ef6e08aff1fb5bf8b4f38aaaf67f1682b2bc4e02350e95a360d800ab7c8c05d73eaac0d5f8a48688e6210aa25a87a9d8f9747e041f839c5f58c3131a82cb870e508835cbb2f74348b1cd1fac5458e1b5c26b1d7fd823bccc371128209f48c8a81c5010d6f0384b593c4243f6dae754de86292c77fd640d780ce6ad7c86a52e19a921bed38e203367f5a39a150d1d000af0cf804a93cd1057fcecff90f391ee2e3a9f6f8093c2058ed2277570cdd7144820e99c18fd5e0d596b262ac0f9d07ff1b996f34aeb1dc5e2e6db34b81a29c8d54306c09167634159dea7c159e8ed0d563aacf05ae1b58ecff7882a19ee05149eef80339f4a056a884154eb5096b1ea5956bc75ba47d19669ac70f30b4c429cb36e1293d0cc5d315e4be82968cc51fd35e62c1dc2b814202185be55d135f6bf07678eed0c93d04a83b0eaff6a0a1fcbdf389579ce65cb0bac60d3f32c7fe3646dbab898fc5be62c1fc712bb7d7544d31016563d9439726dff0f9cd9b6c360a5e40b76cc681aff3f2124df7e101ca86d815e69a926445dab4bb70729a8d8152c3494ef74aab21d0e56b22d50038547c1e057e4ccd513140598cd5a3a4683bc623a6bbfc61ca54f6930fa88bdae0085e667e0a8a47a9b84373da90001349d0f93f32438679c0fce8bcf47822ce74517169357699cd78c9e00467532ea65edaa1e36007441e1c2d2c1f9de9d407fb63fb1926385d70aaf75fc1ee542957f1cc88898f4cfba1a9f50f2d65fbd374c41d59e50a1018f55ee0e6114648419a5840209b1bca5a3f6a4b769266fd552a34aaf80b3e651f44ae8a05c6f8cd0314721951724a4ee51057201c8ef3793f39373c1c50508b49439f91ba72890104b19813a587e7612951010d13254414889f700c8c89dabd8c7d74a8e155e2bbcd6f1db1faea6d17f0ec1793e4bc191ebfd0b08ae7d5403ded625a475072258fdc1c807e0b19a7d2e265f2bc19132421a72e6c69b8457ca87c405be2ca4ee31e6281aaa9d988f40a48116dd368cc9ef197c1ec6b984bb8532f95a9438253b02998458ca085359e369c4a5f78d66d2771dd1308c49bfb7abc22fc54a90155e2bbcd6f13b8ca4d5053c05d23072140d190069a451e09484a3f150b482a6c3316e511aea0f46e16b988458ca0869c899dfaea5df5542327bd95805523ec8c818855539f3bc98cc9d90b7f48617a38496f391c7e43ce5bc6bf7872b4049218d4c69d40d2e6bdc8d37e52e1fb86b4f1a7074d130672e5d50b99895e6d5179c3fec2b6025c90aaf155eebf8cd8f981abf0008caf2fe26384a9e1c0019404000290808ae6e3e12aba0e5a538a101c191f0ca5bb7349e24bcd26d85f0cae81bdea2814a06749b7946bb225b86626e8431a257389439abbea60117134860dde7603e274f78e5bce5dcdc8d39296bb81127dd68a6b2c6737149f7995c54d1ed4fb3e0429b06fa7bed733579fd1fb0926485d70aaf75fce647744dc0287064dbbec7dc5d64d16d4f337ac229b431acf5683c6b3b96f000778019dec641ca07d3db34330f1d67ac9ac0a4e126c3bc1410e6a87c543b4a9e3254fd5f26e1930b07bf7ff079c9e7cd47a29984d87d51b1c1e7651abcf8a5a163999711dbe1c5428a6d2c28c77e34aedcf7efc04ad27fea2bafed2390575e092ffa4be9d516afba088482f6e38942035e8d4d75a78417f5af32f5b14a7855cebac92c6bcd040db3978d5320afbcf19d764ce0a1b03eaa1ce54f18aa29bcc4f48acb10d2f92f272b90f3a2003309b8bc12a3ee1d5c939b46df783e84b9269777060a2e2616290a2e0b29a2f01619afbcd6c24d2bbc5678ade377e8e7ad0b78cac5bd0db62b20bd0d32ae8f27564a0209af04c75436785afad2c297f09ae61b786a5e2a1998a96cc0689b27bcd2dfeba8fe9ae2001399cc7ebfa7c380df6fba98989ca79cb7a9f7e1337b43a4e6c5f9c97c07291ba4b72186ea5d70e6d9350466792db57a1bacf05ae1b58edffe882c1af1bf2028dbbe1564365968fd630c2362a6de06266fc7a6de064f43ed7e6f43082bdbe16432d286469134884cbd0d4c1a6c125e27e6f8ba490f849ccbfd0b2aee7e43ed583c6b3912c7e47ccd2370d2e0a3e032d32c3877d980bede894cc29bd4edc7a25b9f668e6cfbcf20acc4a7c04a90155e2bbcd6f1bb1fe1157ee540a5c3bf83b3f2510df4a429e95e1a3c82d57808a36e91fc380583fdba1136940bd2cf6b9a43a060e6a2e14cc2420d342562dabd34c868999c0b022cfdcfcd87dddc9f0feee7c5f7496807cffdbdbfdae27e3ff49ce56335c475da14b8aabc06c0914d0d5b125aee33c94a8e155e2bbcd6f1bb1f11f444406096ed43900d3bb0d052c6fd25a026fc568c50c81c5a09878462f00896d15033e6f3cadc0109af348c3e2dbcb2405246eee41c50aa9846d43c0d33372917e4c2faccf333cf6d90f0cae044749b97829022db0004e7fa1c06ac3cb192f3391cbcef5781df04082bf299012185be31e02ab28f82a94d4ffe197cdaf707f751ab998414d8b780d4be78f5951a545e8107d78de68f074f8534d792601eb99a45af6a90d63b82517099a7e6adf99a4742970fabda13c2e4159e2e1c0aa7cb2de201f87f609eae59b6cbc1a4f763f0f9a1c6975a5c2e98c83a2f268b3f438bed39f06b9f0f1252689f0c6145fe33c24bfce320b420c00f643aaa155e2bbc5678bfa887ec9b15dd14f0288416d832806aaf7780773cc4ee8c39eedd5e72bd3d9f07615744636744de638c6ada538119b61a8869f2b7414a77c05f407495ef58a09ff9135634744046b764aaa0d4b11254774d2bb8b6950934d2a72b4b89f0fd320552267b4bb940816512540aad12f298e977b34f5b0624f5f6e049383cd2b78d424be47ca9ce6532df02236bc90bfd59548b970629170233bdaf813c2749ede3ff36a4d0673c38b2ec4b2028c3fb2d706463df336fcff449679e89fb314796edc7403ff33484e6dba7cf59f4ec57c10aaf155e2bbc5f8891b0127afb274199de67987b771967c1300dd4b8528eb2270ce58f6b37c54a9f30c8ae89054f0f7882ee5e4c1852e4d30331b57e63801e5b01fc35ee2538b2ff58ceda496c705061f0d2f2c1f304dc4bde993488d0a301125e79bbc67e63125e29252474d2d0c2c53378e9bba0906b379996f9991797f43da3e1183bdf9b8557d93450087f089155014966f43c1cc68e42105c60d71056661f80885a1b8b6ef0d110d3e2a34474233d46a2aa7d06804a109422da91e9fd235789df5a88a91bf13458e1b5c26b85f73faf1bcb2fc19163ff043c3b35963dc19c558fb290fac73c7370937afc983ce1516d43992caa0caafadafd7d7465dfdc5cdbbfb16cfbfbe0ccb1f51a7cee791a6ff4bd20e19252000d1dcc8385c1db2999422bdd629e91b4998b8633e91a93d964d2a78b459872ce523648979b84108dc2d2edd3dd823ed5e045a0c61c06a381767f6eb1d188c4ef886ef2668e5cfb2f805e24764258b1df0270606b00129c8fc69c9dc5b61ae23a6c6c468f3f93b9ca996b266899dc6e2a975852a71f8baef34339f1ef4041be0d51d5e3fe0aacf05ae1b5c2fb873ee2e2e2fe2bb84a7de702bd3dfd4836dd70563fa6009b8100357cb08091df1aa5c1225d44d2592fa351b5fbd1b5e4e28e786994c81c06d9db967e077366db7e0ef4bb6f3bb3edff008e426abc1572038e070eb0291d983712912748668a4989306be9280d98172bbf5b424b17024a05cf1ebf7211527895900b51dee6a52c41106511e560e65133d306237c91c9cc316c3f05f2f3635abc557081f700d045fc0104657bbf0dd2e08aa8362474f952e93382c9c5247febce933384864f9bed26033bd9eb9e63294b46e8c4f68001082da252a2884b090e714c399511e50f41196185d70aef431bde9022df111094e57d07a84c18902d90e409968690acc54268650eadccf0328dff3319eb37826ccc113075c87380826b1e65b2d99d33d79b826cff29cba18f89340c436a1fd380c589b224ddb491c8038b2a672e1aa1c11d5a26a5c0e0f0cae24fd9c717e46b65e856c287b245022d21bd6faa9434b2d99f677f5e092d0586c5b47b6b082b436871df0cbe77c6b741bacaa21aed0a9217fa69c0cf9479148bceced2d073365d9975f7a76ae83a3553759c4862b2c64e86b365f81a175afad2d10a12e70f1f002a21fe0d8232bcd7435cd3b35f852f6c789d59b6bd2c17fd84de0a2dfdf0a62799fcf1a58e93912d8c20c958be5cd9326571f054c64f5b2829f5a1d461b2e0917b1af2bd1805d890ebc5642f05ecb120df97d6378a494f82a7ae75d7e1ee57da07c88e34f28aeb096f8331011da41e96da54a0ae96bf89d4e0526fcbe7e6c7e56295ba33becbce226b0dd4aed08e6c1b26df0cb82aec1ae2da7d98fc5be49dadfb4caaeebd30972dbd348f2d393fd7706e0e5b746e165b78260d01661d271298699912c3f320179cfc1d631b0318d5d83f859042bf72b0c26b85d70aefe7562ee479cf02d907566e3c1252fba8670696d473d27729a348e669829fb560d2bc6cc7f496f5c03e0b321225e130f6cd357a199cd83f8150cb9b797629af7e14372461523b4a5d4b6ff54cc2876dfd07d7b6041f7b768994dd7af0f3e8c260f2fd323a27650ace514a00a9bb07efc823ff1fa37b32f13d61019d17896eb23147961d3750d1c179f479bd9d25f7f86b909f276ffb4bce533049dfa5796af9d52cb6ec4aa606f97ce9e50c26e1a69242759f4e651d279235c84251293d7041c8f320a54fda120a3189acf61b00baa8fe1182f347feb5155e2bbc56783f8f790b5498ef0547ded39a556101e2d7f0c4795ac9ff51e195d6339e7409999c8fb36488c17d2b5467e130850083040fe70c540e3029111052d9095d7eae29b4ccb323b93bb8200d3699fb2bd0383435161f203d1f322703a14feca28b8bc4b6d0b991907c9ba1d0a621bac94725536312a43493bf9f34c2fa2eced34061f58477f5cd3c0d2bafe72890c77b2f51782f19e195ef9f7f2a5943fb31fab94416b4ba9729710f848c12ce5b45e74f923b472a08cea70b8c8415fbe459e1b5c26b85f7f76aa015d99e84a02cfb5d90512f69aca01fd7145e267f5853783d8db0a62331ace5681c93ae99fbdb20c53ed048f8b47d75efefea38d5d33892b0c9a248be6d2b60fe43f11026f36f2580325a26cc0d32f91a09bc7c6e26ff4f1a75d210142801662f1bed66f4794b779d7c2ea50295313abec3cec24a6c2ca4c010dfeecbd09d670a2da3b77ab6e895598cca05b6fc5a16c2ca24bcab6ee4b215d7b29994134b2ecce1461b2ce84f61f2f3e57941637bf09c6969c0a5f78e6661253ecc55ecb7c70aaf155e2bbcbfd72a88629f4920233a8eb2270720bc096fa543f82d50c6e0653694ccae32ad66b8bfaeeb2085f8e0fd7d6ba54160de844306297eddf647ee9961b293399f8b9404b283b9b3f271e5c8f762c1254334ab7b5481abe949264bd7cdb74c35855699c9e398c116d16c90f0ca224dd9b91101367dcca4a49039149e41914e1f15564ac125ae72bb82c44e5f265d672899e46d7cfecbc9d84a4a4b43cb53365ca0f012940552264868093e56145cd67799be962c3e371b0319acf3d40c0db24d959477783191e7459e8fa2adf43c90392bc62a88a8f41b006c1093def4e49fa57fc6ca182bbc5678adf0feba23b8c87b2248789da54f0e803cc968684847bb0c754a78657001ff50191e36dd3b42f6cc65e6d5b4f2b59fb55f6dfe46cc09e00d423e731f5de9be0aa97b5c8554191c45c33484943fa54086773f23a8521a9803fd40d0235b0c125ee982131818191c5e215d5d895d7e0a22aaed2ab2c64743127d0e12742915d0e01d1c5e0ced8284cfd360bb94e909e9f2eb591a3c9f4b97d9a50c0d4bcecff184df54363cb03d15c25bbd8f1acea4724f082ba6e0c2dc95e31448781d59b6cb5f88f08695780d070aee3be02c7b4a836c6f8f7a4d5efda4f695a97d25db0319ea54791596ba4946820633d7b883f7a9bdbf207132cb5a737fc1a4d49083a734225472d7f490dac799b364180ba91ac25c8d4fb83de9617a85651266f91c374e896a7d9ac98592d0edc350bf02c22be721a37c9e51bd05be2cbade874591190b0398fc5ba4b697bf99798452c22b61eb79259da17e050931505019059a49687b2fce65f4caeba979ef8fb42531d9e1a7fe50a4ae3d10ce28b8ac68cb0b4cfaf9c3cb7c595891efe92f44cd6b85d70aef431b5e5902edc8b15f60ee698921b58f61e616d778f2d62da33d32934aa6fde1adde747b55cf6d5541ea27d3f2f45feacffdacdbade2770d9e29e6795b7607084b77a43f37bc9902495cf54f2808a918ca5c35f4588d51367c5a79609408c632234fef44abb78a6ef562f19d360db2544860ae842ce014c90bfd586cb3af86b8563f0533170578fa7ea5ed20fde5f2b74149257de0d21b20d31ba5f695196428057a2fcc6532ea269fa3c675e3e0f69c49a7ef4d611d279335b41d8d53d0fc522cab7b3152d7ec0d5550b92798e56f9aa26156df580561c53ee8e3d5ae129f6e2bbc5678adf07e2e0db77cfb1a906537c1358f2b4028e48f2ee3f7329f55fa01b17c5b1a5bd2f89027c68417249abeced3ab204bc03fe376a6fc96757f6eaed1e297b769f43cc89c5ce90ba6002bd66008ad1ea6c1d53884026a90fe5e99db202196c6596c3bfdbc166f26236c325742c28b8b477a1392170630096b4287bf8694c5e89d18ce179e945df2ef95bf83945168c44a78a5ff55e63448c36dc1192a230802d9c32367b3ee87f41c3d46169d9bc57acea46ae83e93aabae8028036ba20a019c1254db83d187a800eb8a8c116aaa062b79365ada3172c3273c1680532c2e62af689b0c26b85d70aefe732d256608f029955165cf11443e3461a18d27892069cbcbd23c0831727fe2a455b9e67f2649a96c730f93db8600637d424b45236a021257317e42d5f82492135341b5c35d4006b36c8ad5825f012dab8f96eed761dd3ecc3121708cfac35ed0eaee77c12dafd59e2fc0096ba640493f347d935b8c16bea6af4cc8b96914a99232273423c5d67fd331946dd165288d92b690fc2ffe391b91436ff2435ce4e26b296e3b1acf9a518d6703892d51ea486f4be1056b27d1acb583d8ec53706304796eddb90f145db26ca0aaf15de8736bc72c8ad54830bbc0620a4f671cf5ba9cc6795995212627323ee7ea01f5878a84ccbd33df3454d4bd565cfdc5f5a4869ea1a9372e181ad48f1362e73744d7318b814904698679544f330155eebc5a25bbd3548c9218d3e2911625b7d5454bd9d99bac6dcbfdf9fcdec19aee3dbfc1524758d60b22852e63498e6fe7afebd051ba96c20d2502ddfe1d450b99b1a4c075cacf1c5680d4dd498026960751c4fd0ec64b2a714e8ea47a8011fcf50f3fb9359fbcb09da4db5d0f7b670a940a13d8a914e340e23a8a116c6b0937cf9ee2005391b27b2f425633484e4db7f0181195e4be10bbc00d33e171cd9b67f86e0f22103d2373a836a3a3085984386a98bd213615a06c375f1e0509beff228e1978b41987b184cafb8eed6bc31ba25af829fb6f257ea57717f720e85bac58b45d47a6b88eba09a9998ea5963bf893a5f8c8831e99ff55c40dd86b8160a75d770055293cba89969a20e0f6b9bc39bb7892ee64d18a97c8195eda4f600a9dce5a4d67e18ab7f314243e3a1486ca4ad9a8e44b3b6e3f11ada4f24a8b697e399bcaa769ca08f81c20a6d27e86b49f3d168251ae95516ea0f852ba8de1fca2af73a74c196c90ab2363ccba26bfc3504657abf07aef280516085d70aaf15decffb882a1bfa37e0c8b6bfc4a8fe0dab7b92c928948c2249c8d01b60ea9190e52fd237fc4be46be7ae1a6f70f7289842cbccd30fcd75a679871bf32e37831753cae7f2ff5117cbf75059c0c24a6d2caecd97c99c0457995d8797fbb0193dc35952a721b2d29725750ca7f31ced669cb34cb299b36c1c9309ddb86d56f6fa492c7fd35456847d1f50fbee0c6465bb9dba7a4f08430d0af5872258a31b0590b51c8bf17cdc4a35ac21da2d86e16ba0e9a528dd782482d51f76b1da83a1ac7a7f302bdc3e45676f98c052168e66b25b6754857f25c435f9fe77b0c26b85d70aef1f6ce4adc2fe0c50786f39f2bc3584d43ca5c0d5f024334f1594b74b7912072f563405f4333709193c9d10b3b5e44219bca8521a56e67e5e53481f688479e62698fa683db7886af055e0ccb1b1d0621f0d41c6feb62cac184b5fec5abe26b6713833fead63155050d9dc158639f8b7928cd5cf2891b381ca2992bb89ca2852b8750a2ba2963d94ed0854157b1c4c42450153507fc8c51a0e876b76841a5c2f450aede6fe3c82351cc1d785ebba43548a1c0c6195fba83c21a5bba72928d83a8965ad7b56cfec1a3d00c179580cca4bf1370305f62fe1a1d9b3cc0aaf15de8736bc724454fa4da0b78e0f983bc4a115430720ac9eca0982d1aca8b6616c7080246cf2b66fde72c93423eb81c6987cadb9012593d0072f679780baf1c534f86be56718bfd79779e6467451e38f8414f930fa77e2ed1237a656421e0ba5ff0fa98b46b3392bc679e6bace5b357e00e6aea40b9364ac19a7611e8516b2d63ccb0181dc8dcf29b6d94001d650b4fd7955bce30556ba6b9a86b2dd810acaf7182af60569a000e263c18f55eca58f097d9fdbf31a8a77d045b2cd90b7e5390dd9d42083397ca18d53714dc3317a8651341598697b0992e7fbff6f78e4613dacf05ae17de4613ea2aafda74050a6f7cb40a5c4cfc099efad21b8c84b85940f6361354335b8ea8628086f3498e6cb7a060f06cf2f30f16c08625a40c9dd619f1e541bf394125df418918b444a04be70ba0cf1adfe1ac22b7d14488920db4a99c37b7fab29e36ba26afcd98c2e2cbc1ca72063cd7896b9f619c3ba673464ada3e0c2faf1080b42a3b3364c502001cade488f1b54cec6092c77d304eda61eb0991e33a89c4d1eda40df0f1b0d99ebe91cd663b0672c061c5842cb080d91157e0ac28a7d06809ecf1f0766792d84194de31f8547fe180e2bbc56781fded2a1dedf1fe8ad73831b0f6078ee3053408db992a75968a5c155338c85d70f65114d06f71c5a367869fafd2e2fe1ed99b760ee1a338b6dbbbf199d88f7f067318dbe2cbace5747d5185ca53e2ca4d0ce64131347b69d39734cdce195791f61453e2cbcdc4fc7370e67496d23d88cce916c2e4a0a2e2bc6332a293ca8f1c628602c6fcb4456b06d922ed8eeb6cd90bff539c3b64fb1752233059a65ae1dcfe6609084a4f68cd133ba46b198da00165eeacb420b7c183d9f3f0ccab195417ad388ff050f7d70e36a878f7364d9af31dc0289d02bec00b8eaf00a8b500ef1b4f865a28a69571936786f5a908938a61b9fc8be5e3229c7d34b61ba0515bbbf136480699aa4bf7b4bfb417310dcb5b579a1a4f46824778d54105aecc37e939a37bd770ccbdac0e1e357b9dccd1319058d15eda01a9614ef9aa2a06ccf345579806a5552fda25341ede110d6783c5c435b7f8c9a7f268e759e4dd08678050bce27b285179335f45c9a818f19fd7f7c9dee3a9ba0a0b53f8a359ea09f4b6a0e3b55f981e92c7f075d10247303bd3b90d9f4dc406c43002ede9f00bdfa6e024cc0c978986f346885d70aef4317dac83abfa1406f93e7a43c08af19a6987b298d8c266142b5ec37669ad2a7cc6472b579af32590e3ff8067ca60599aa601326bb4ff5cc3c93804ba8cd4b834cfbf22a3379dc3cf740faa3e92d5e8133d7ce1c597c83bd07c3eb7e2c388f5ae384de8699f1366d8496deea9927acfba669a83a18a4a0f648b06aa22041eba96805124c0a22c2a87bafa7a9e5afce61abef666a58ff56ae824d6f17b06def9668d8f14199daf96139dbf5518506f97cebbbc56cc3bd7c0df4733c3fb7e732fd2ed246bf1f2af64f67542be36f3100c1f4776039f636c8583dfabf81155e2bbc5678ff60a1a5421de8c9dac1a88112de308cc9424459be2313a5dd0b05d982fe996e296ec6e7f2ffb1dc5abe4f265c0fde295d26679b97c3cb7c6053f9e1b94dd5e009eba6b032b9c8dc237fc61e627d0634ba208e1a5d208d1c57b1af8ea830c8486042eb081655edcf32d63c438dabe758d1aec9ac78ef145679703aab39e2640dc74374f3a94836ff9558d6752e9e2dbe3a932dbd95ae57de99c3d6bd99cd36be93cbb6be5bc4767e58ca767fb342effdb88aedfb7635dbf571a5e19be56cdbfb256cf3370a29c4b94c2e8ae5b7e7b0be9be9ace6b04317ee7c8ea52c1cc382a8510eb135c3f3a1a969ea9f82155e2bbc56783fef23bc2c2011e4b6a161154f0f489faa2c1c947dc8cccbb33d7b6ab937c7f8a53bd3b8773bfcb43bd3c8cf93bdb264130ef71650bca0d3b4fa82996fc92a8d39d3ce8c0f6c0d35ab8f4a843ef77c8ba586c4f6911a66768f5290b17a3ccb32fa6629a4c35542f308466501ca032d8db1b998c340527a4623b88aed3294ee9bc2aa0e056aa839ea50d0703c4cb59d8ed2d0792e46c1828b896cc98d140dcb6fcf522b5f9fc7d6dfcbd2b0f19d7c05dbde2f64bbbe59a661cfc7956adf77aad9feefd668d8fbed2a05bbbf55c1b6bd5fac61cbbb856afddb396c0d051756bc365b41df8d34d67d3151571f722828d83989c9451a98e97d1bd2164c180a5678adf05ae1fdbc0f3ac95720b8901a2824b2f969cfec2fd93c4f366733ef64b8f04c1a930d30b02906c80618b25906be5636d290f04b786577f54f0bafacf792104b379bdcefc1bdfbb83bbcc64c2fcfaa86e5f4f8722e0754cac2512c6dc9180d196b9f518011301e05738f76a52d19ab662e18c5a43428d9334541f16e03022db3c8e8ed9695ec9dc4aa0e4dd750772c5841d3c950d5fe4a9486ae0b710abaaf24b0de9b291a10a6556fcc651beee568d8fc6ebe82ad145cd8f52d0a2fd943e1dcfb1dc3beef52e940f67ebb52c1ee6f95b31d1f52c3ee432e1bd4c6afe7b1d56f6668587967ae022a5558cfe564dd71364641d9fee7990cb038f3ecff0e61457e8d6085d70aaf15decfeb082db64f07de699cb86abc584c8797a721259bc0c9dbbd6cda860ddc64e30bd9fccdb3d99bfb8e349e8d31a8a458d03f83b51f4f62a6f281c936a9e6ddd2ef970f531fb859364a0759bd717f6587413ec7ec2f48a5b779292132d73ec364f540d68667d8fd21d6fbcbeea531268db0ca170de5075fa0c79f6332632c7fdb445676600aab391ac49a4e855138a258e7f918b6f04a02eb7b3585adb8334baf79731edbf0f56cb6f9bd5cb6edc322b6f35ba56cf7b7cbf59e6f57b0bddfa964f2b9047cfb87c56ccb7b057ae3dbb96ced9b996c39350aa1ef561a5b743559779d8f678d27c258c18e894ce6430466d93e84fcbee0af7cc1165efaf4403026da90a8262f05982e27fdb1a67db498dc9c03afb8f20a2b61a500632f5965da3f8bc38b57de05fd294c5eb9654f5a53edcb3b4aa2cf57f63e933d81659f2ff37e66bf3432b782ea5a708f1ed12bad068c8a65ae1dcf72364ed4908b4930980cb37922937906391bf18a3c9e95ec9daaa1f625a76247820c471dbaf2d0f30a8af74c6232d9266fcb040de52f4e51507b2c48759ca3f0920517a8de258bae25b2be9b33352cbb934eaf8c73d98677b2346c7c3757c1d6f70ad88e6f166bd8f9ad62aa7f4bd8ee8fcb34ecf856a962f4186cfba050c366fafe0defe4b0556fced5b0fc76ba82de9b3359cfe524dd758ede1148fb992856b67faa06997c149267d71051e63fdd0aaf155e2bbcbfcf119c3fec2be0ccb19d819062ef0188edc0321a1b0745c26b1a2d63a6b2c1b373f7e01d0b4db5afec13fb6bc36b1e79abd8e5d020e1951e0f291fcc774f9fb392ca8395e33ccbcd67748d62a98b466be0d06e7a8e156c9dac0dc632180aac816a5bb675a2922986a5fba66a683c11aaa0e1e510d6783254d79f0856507d641a2bdd3f9965aec696005c8660244e551c7e5e359d0ad1d075295641f7b504d67b6b86866577d2d48ad767b175ef646ad8f88d1c059bdecd63db3eccd7b0fdc322045970a0b77f54a460db87856ccbbbf91a367d2357ad7d3b8b513dad61d96be90a96507061e19544dd792e5641db99485675789a06997ae92af1d51059eedf6a85d70aaf15dedf6ba165e5705f70e4d8ee4178954d832c014723491a50d2a0921132d95d1b2369b2f3b6f42a4858e573e9ff75f7f53eb03bf7e0069b940de871f8ecddd38df062b46dee4a5e8ee3696025348f6033178c62d2382bdc466fff3b5f60c53ba7302cf986a29d930ceec6593e3554f2b71baa0e07327a420da7dd5e89d0ad67c259f3e93056773c8849836d56ef5896b17abca600b386534eb6e0720c5b722b992d7d8d1a6dafa7b135f7e6b2f55fcf641bdfcd629b3fc8635b28c05b3f2c78d007f96ccbfb796cc3d773d87a2a3fd6be358fadbc3b9b2dbd95ca165f4b62ddd470ec381fcde4df597f3c9815ef9dc4a2aafc1905f8a4155e2bbc56787fdf0596ee4596ef43449d6d00644616763b973049834dca07091ffa6ca51490fd63179e4e53ccddff6b1e6193db280deee7959f6fbec5d56735d8a49f177dac698bc7b0985a7f0d896d23146462590e29daf6bc86f23d41aa7ccf3456b6679a06990556e256bc9b424d0a764cf4f4dd561f09d4d0793e46c1fc0bd10cdd5df271c7f948d676369cd51c9faea164ef640549ed2395cca7283b384541fdcb0eb6f05a9c86dedb33e8ad3c9551e9a061cdbdd90ad6be9dc124c41bbe91a536bd97e396ad61039517b0f1dd6c26c15f7d6f1e950bb3d8d2db691a7a6f51438d2cba9ac4165c8ed5f3cfd1bf85349f0e6775c79d1a4af74f5110531f30008e2cdba52fc406245678adf03eb4e18daaf47d0e64797b64bd7d0052968c5080c098ee56c3236c123253f9e019359392c013663779dc1d5ab907d803731be4e74b782b7685a8f29d411a64177199db208db3b4256394abcc97c9fa2c99a740e500ab3e10acdd54d5be2056c9cbc7e9ed7dff7405a57b9f37ec7b5e43e1aee754915bdd317a1209356ad0b0513d57e21935b674f7556a7891ce4bd1accbadedac4b030518415625fba6a8880a3f0d29dda315941f9ac2ea4f0669c0cfe97b6d265b7e2745c3ca376729587d6f0e5bf3ce3c0debbf9ea1d6bf338f6df846a6067e8caca1b0c2aa37676b37b5fc6e3aeba386212cbe99ac60e1d50436ff62b46ea7461ab4f4bb58dd318706b9d8e21a860f405096ed724a59c05fc07f6e784b867b0105f74d08afb26b98b128806113e4c1b7a91abc01b2f9dec2f26a2cafaac253df1e7ff03ec49f3625527e8fb9d695dd27e7609897d093cfb0cd7c548d3f9b4b8f43e9ce1798eccfd5f05238ab3f14a66b0f85b0aa430ec38b41acf2c0345671d050bc87ea5fb7c693214c46c2fa6ecff4587423d170d3b0f07a3c5b703596b59f0f67752f4fa70b6212935b42c5d405b0d2039359edcbd374d79528d6f7da0cb6ec6e0a5bf17a2a5b756f165b7d6f3699c356b9ada6a0aee6b0a6b3156f1896be46e7faaa61c9ad44d6733d8175d22b6e27bfea46e99657c258d3a950567b2c9095ec9fcca4e68d28f73bfac558d66e85d70aefc31a5ea95d82f3ec0720b4d8a62109fb7911f49fcafc02dc631864eaa2e74eeff4962f7db5a620735ff0e0c7a544704fc491d0f2ed5c4dcb81f86241992093cf672f1da320b16d240b2db06b082ff555b37ac7b0822d54ab9296e3743ea4f584a1e9189d236938466f8547420d874335c834c0eac3414c26d414539d4a2d6cd672daa561c5dd598abd9ece96dd49d3cbeea428e87b75065b7433c92d4e43f7b518051d175107bfa0217bfdb30a420b7d5834953a90bffd39557b621aebbc1ca961c9ed24054befce64cbdf48d5b0ec0dfabd770d2bdea0709365afd3e764e9dd5403951dd07b2b492d76eba1da1a165c8955309fea74683d17a19bfac314349e0a6655475ed0e0e9e72df6e549faae32ff4a2bbc5678adf07e2eb3ca8aec45208b2d639b7d146009b9dc00446efe670a31f742981b71d257fbabeefa3eb86126e135ddfd9dfb97b19bb8cc0c8b6d08c0f26c258b031d39bc8b214f5d94bdbf9a8f456b98df9fa8a0fd64bce114bd7d93e6e351aaf944046b3cead2507b3458b1234e5673244843c9bec99ed1b2b6b3111aa421b4e6de5cb6fa4df40860542c8d4293ca96be96cc7a6f2769e8b911a7a0fb7aac6a3d1fa6a1fad80b0a642a6750a637761fc7722495bb6502ab3b355d43cbd910058b6f25b0ded79235f4dda18bc5adf7ce0c0d7db7e973d2fb6a225bf26a92062a67e8f7c73329673a2e4429683feb62cda7a954e80f51507b3c9095bd3855434af7a8017066533648784580b7155e2bbc56783fcfc391653b072185360d09edbe3abd6f1493d12d5319e12141ae3be0723346e53c8f1f8c60a6c052a32c94495fae8c9ac9481996d94456fa31597e2e339b64f7eefccd933405942dba90ca169e9bc9169c4d649d6712587b7fb46e3d15c59a4f46b0c663a1acee7888c1dd2d26236430ff4234dbf86e365bff6e16dbf06ea65ef3f65cb7d96ce55b696ce9eb29acef4e325bfc6a82eebe11c35acf87b2da53d318b6630267aeddf3ef9cbd6c1c2b3f3295d59f0e640bae45b345b7e2f5e2db096cc9ed44d643bf03f0ffa0e7662c5b709d5023103a2e44306948b69e0d634da7f1ef9fce2a8f3ccf647b013aaf9f83abd8a717beb02b29acf05ae17d68c31b5612300d0233bc3f84b052fbc0cc9e000d325b4b46b924c4143c252a77876a8351020c6e84a1dc90ff27371594ed9e6421a52c8e0c2bf251c179d8ecc3e6d9a131b17538c35c01687f395ef55d9dc37a2fcdd2b0f8528a829e0b33d98273491a3acec6aaf6fe18d6da4f21ee4788c31534629618a93f118c9962badcdd310f5d9763346cfd305fc1960ff3d8e60f72f4c6f73214acfdc63cb6eade6c2621eebb9bac8042a67a6e516389745d8d52d078d6c12a282880514147b66d80e5d87e0c092d2306a070d72405f5fd1462d2722e44755d8b62725148e3b0fbbaa19342ceae50797021c240650b349f0955d0743a98d59e08d2d547a99c2145bb9e1b80d022df5f4060a6ed00cc5d32fe6fc10aaf155e2bbc9ff7215bfb4494f9158023cbfb9f23abe9ad9ba42c1aae409696cb3a32cc7f90c69c9400e64083041dc3cd9e215ef7dab2f4deb10a62ea0318de3e21a4c0eeb9597364959f82392bc6b29a03211a56dcc850cb6fcc65cbaecfd5b0e46a9a82c5175359f7c5191a3acf267a36b26ba7e042733f85174eb918055803563f94b9755f8dd3b0f3e32205dbbe59e896af377d90ad60e37b596cfdbbf3d8aa77d235ac782b55c1d2d767a845afd2db395978335641e79508d6d03f5d03e6408497f90d0005f713e61eb67795625b565f9db36102ab3b394d359c0e645286745c0e57309f7e26745c0ad7d07ec1a5dace87b196b3a11a9a4e3b15d49f0c64d480d4c5bb272988a90d1880a02cdb07105d3d62223cf2b01dae22dfb95483fd18644fdbc48ee12c65f1488695b999ab9f65d96b273e20831e03096a5a1f26868f62f12dc35948810f0b2df46309cda31946a1e4ffc9b447dcec0e56decc646b5ecbd1ab6e67b115b732d8b21b73d8926ba96cf1d514b6e062a2ee3a1fc7e69f8d656d672258cbe97026a34b1587a8d67493f0eef9a494edfe6e09dbf59d22bdfde302b6e59b396ce307996cddbb73d9cab7d3d9f23751ff26b145548742f7f568d67e318c35d02b6afef6e79833c7feaf40c1dd67b01f030ad3bf406c5d80675f5f79e5c6081dc8ab73e3198747437f10ab3f15c86a4e4c63e587a7b2cc35cf68b940e8e77f040975a3ecf0c8c37a58e1b5c2fbc8c37c4494fbe64250a6f75d70e6d9fe0da2abfd3524b406a8e4ce112c6521057a2176a219a960063d069e7dbe6afc5468a19db98a0334ccee9cac20739921b63e408333cfae64a7f1822d533082a6faaecc611bde28d0b0ee6e9e5a733b8badba9da961d92d2a21c8d21bb39884b8e76292ea3a9fc03acfc560e71add76364a416bbf8b35f7533d482adc33be40a62ceeff870a057b3e29732bd13bbf53a88082cb367f94cdd6bd374fc39ab7d315aca4d2a1f7b5440d8b5f8d57d07d239acdbf12aea189eadfbafee92c65c1680df4a2f109cbb6254342c3c87c08ccf4ba4265c5cf41f6594b5b346600b2f9960113a876c5e4fa49baf4c01455bc6f32cbdb3a114b9c74c6aa6714484d8d9f1398e57d0c62eb464c8547fe180e2bbc56781fda431a713175239e869042df56a03fea87e0c46ee905dcc0a2b7fd0785e4db0740eee7e02af457c5abc2d9cacb791ada5e4a5430a76f3c93af8daef55773578cd5d0d99fa860d39b4586b78a345080d5babbb96ccd9d6c0dcb6fcd51b0ecd66cd67b2d4dc3a2abc96ac1a544d6752e0e4bbd75c7d96805543ab0160a2e943f105e6a649183ff58a5e0c00f2ad89eef9751e950a860fbb7f3998478fdfb191ad67e7db682156fa650a32d59c3a2db710a165c8f629d572334b45d0c558d678218050ea1f3cce40accf47e19e439495ffccc93ae22bf14a0b7f8236e3f80907c2ab588dc7722a2dc4f53e39bc9fd343c370accb6bd036125bef3d2178cfd3b78e48fe9b0c26b85f78fee98da34f54fc155e83b36bc64f86c8828f76f86d07c9f76a046c63588ab1ea361dbebb5baff9f16b3a5973358eedac94c46d3e40f3cab778ce7c6cedbde29675bde2e619bef15b3f56f52e9f07a0e5b73379badbc3d972dbf3987f5dd48658bafcdd40b2f27b1ae0bb1acfd5c34c3624a68391dc62aa81123643ec0e17faa6507ffb192edff41b9def5bd22b6f3bb856cebb772d9266ab4c1ba6fcc61abde4ed3cbde98c116df8e673db76259d7d548d671d9a55bcf87b08633812c7bfd04265d86e1657e33e153b731e81bf615082bf6190714dc0c7095fb36bbcafd6a20bcc22fda10e0cd7314f4237fc2be6c87155e2bbc7f944772e39810989ee1f55de83894aee1d40f17ab1def54b38a9dc11a923b472aa0f282c552e303b2d74ff48c9a6d79bb54194ad8c67b451a36bc9977bf6c708777c5ab7315c87d18faae5378af7378150597759da7d09ce7f02a683b1dc164093bca858ac386ce4bd11a28b80a0e52c900eef02a90b28182cb3ce1fdfa1c05145e4fd9d07b275141cfcd58d6799dca06d27e314cb55d08658d67d0d515a8ab8ebda0005d6340e5c041a032eecfad947ddef5f1e2497f0f21f9be2f416cd5180527ff71918683df6af1ece1307bf93816df18c0e4965169f48a0b55fb82f5ba3b796c335e6d4dafb89bde2a641bdeccd76b5ecf66abee66b195afce634b5f9dcdfa6ea6b19e6bc9f4aa9bc8ba2ec6b1f673914c5e7925bce6575e99cc72f89f6ad87ebcea927dff50a6777faf98edf84e01dbfa5136dbf0c13cb6eedd39ccfcca4bc165f2ca2b356ffbe5304dc16554f73279059eb36c1c0bcab6bd0f892d01e3adb459e1b5c26b1dee299519de4540c1d5b0e64af1001cfda453c3caeb392a7fc31426bb374654f82ac0441cc8a11a0f3a4f27a90d6f5040c9c6370b95219f21b4b0ee0dee6560abef646a58719bca06d2776316eba57a17165d4b520b2ec6334f78cf462a683b1bc130291b2a4c6543f399100d2ffeb04a01950b6ceff74bf5ae4fa86cf8a4e8977b1bde9dab61ed37662b58792f55f5dd4dd2b0e4b50405d2cfdb758d6a5ed271d1a530e1063ce175cf5fa83c3c750082326d3f85b8ba806c2b6d5678adf07ed98f9ca6a97f094199de1f41fed2e00138f2f17c05d440d380654073968d67333a71a3e9115a46dcd0af0bf95b26695874218d1a62791845d36b5fcf55863cb6eef55c0d6b5ecb562bef641a5ea372e135940bb31450238d2db99ea2a1e74aa2922df5e75f88d5d071364a75f0289bb1d34d537f0896c3f0461b25fb27b3fa93811af67323ad02a1652817b67fa740c1360a2c6cfe208bad7f8fc24bd05083156f99fa795f8d53b0f0660cebba16aea1e3622805d7c99acf3a34349e99aea0a1df1052889b7dfb60d9d0e287eece945678adf05ae1fd9c8fe8b2917320bc78b886a5e772d9d1ef7532e9d32dd8f8bc4e5b329a25758c6432da93d03a9c156e9dc27aafccd6ab6f6733cc1e63b7b30ceed1b455af656a09edf257e7b0a53766312917d0bfcb7dbc171334950c4cee0b4125036b3de3620d279dac64df249db76d22ab3c3295612e03ecfea498a15f77dbc7794c669579bac84c0d3558fee64c2d658334d416de8c66f3afb958c7252cd00c668d67030da7a71bdc5d67b2a59523db7bd79c45cf7e15acf459e1b5c2fb653c523b9f7b3c30c3eb2ee4f43a341cfda44b810c48c8424cdc622a75d1682633cd9c39360572136bd9d5b1f7ca2cb5f21685135e9da70c196cf9adb99abd3a572da346192cbd49a125bdd75214605002a85c40c9a0bb2ec42bd909916057446c26a2d899305677224843f1eee7d4dce5e31835ded080d39b3fc856b0fde302b6ed9b797ad347d90a36be378f51238d9942ab60d91b339469644d41d7b508d679255c0385d653364858093e560d281d4862cb080d8199de47d3978ffd3bb0126885d70aef97f188aa1c993a7d9ed70f61cdb5620d873e6e53b0fc6a1693f56e542e786ee497d04265027164d91424cd1fc90ab74fd5d073811a39d7a90c20cbaecd51ec86dbcdd91a7a8df9ba86eba91a7aae262bc6db9126aaee4b091ae65f8851f3cf463329179a29b0d0d41fca6a8e4dd7805bb226778e626507266b58756f96822d1fe5b0cd1f6553a38c024bd6526041e6efaeb897a241c24be582927261c1f5680512def6cba11ada2e84a8a6b34186578234d4f74f5320e18d6f1cae617aa6f7c1597d23ff1aac04fe2ea369aba7fe1f08a2fa2bbe7aac82e3dfefd6b0fd9d2ad6763c81cd5a3686a52d1ae5d96edf53bfb9f72a9049d5055b27b1ce3389f4ea9b6eb8eae6fe7cf1b534b6e40a6ada14b6e8ea4cb6f06212eba61a17ba2ec4b1f967a3741b05969d0e673211a7f15430ab3e368de56e9aa8a32afd59c9de496cf1ad04b6f1fd4cb6e1fd0ccf721f0a2c5b752f8da1c605194d5bf25a82be1fde08d679359c5168196a5de96568a03ab7c154eb369d35b8cafc5860b67d25e63758731cacf05ae1fdb21d73174c99044199dedfeb3e366700a85440c9a0a55c90edf8d37b476b98b970b49ad13592c904f6a02cef01082bf261391b9ed5507f384c759f4bd6d0739e6a57b8e47679a6669766a805171299dc7eb4936a5b763696c93d7f5bcf46aad633e14c42db702a4401d5b9aceaa5e735a4d0793a73ec2c7fcb440dade743b1cc5cad7967b6013be4bc9da660f95ba96ce9dd64263d0bd2a76bd4b8c6485ae7d5084c4057e8d70509afa764381be4a97929c00a2a5e9c3a004199b69f4062cba80c2b815678adf07e190f6af12e81f8ea317afb1bd50a64240df7a900b9c15fdae2d11a52bab1bfee88017064db7e0a41995e6fb02cef7f81f4c56335146e9bac5a5f8ed6b0e06c9282ceb3096cc1f9440d9de7e355d75943e7b9380dd2a32037c36b7b05b3c622756b7fb86a3a15663819aca1e1a45341cdb11758e5e1a91a5ca57e14146f36b38bca1c5277325041cfcd38b6e2ad542c6957b0ecf519acef4e12a3c022b89e9e05f342cbf6cb2e05e85d80fba369814ac22ae1adef9fae20ad67cc000465d9de032aafc65909b4c26b85f7cb784ccff47a1b8a5687e9031f36b3b5af1630b9afc4dce5e3590a35d46066f7281d5d1dc09cd9b6f70cde7110946dbb02b21c2873dd33ba64d7f3acbd3f96cd7f25de2d8eb5bf12ab3b5e89616daf44b3f6d351acf54c04930d459a4f8669b9856a2305176a8f4f6395542a809c2f85f647729f8ee05cfbff83d27d933534bde260d8baa9ef6e325bf25a225b4c8f8167898fbb54e0e05e76b1f68ba14c46d3a45b0c3ce5c22b86c29d93585889afa1d8772934354dfd532b815678adf07e998ec8f2e141105ee4af61717f86daff6113eb3e93aa216fc3140c4ca8f4be312c75e1680d58ab164a8d3270e4d88f81677e44a5ff64a0b7c57f82e81aff81ccb5e371c36b2df7496b3cee62b2cf6e6b3f360c8964cdfd111a5a4e52830c3b3f9e0a650d27433518bb403a58d5d1e91a6479fbdc15e3996c2f45615d1c51e9ef0ff4f165a08f35c88e8d3527a769d9d4aefb468ce17a34ebbc16a1a183ca03211be2359f45a910ec59e66e0aaea76c900d43c2cbfd5860a6ed2ac8a2572b855678adf07ee986832b46f64062dd780d5b5eaf54dbde36341e8ac69c5d9db98a1a6a04c3c1ee21615e3591d03adcb36da9abd8b7187ee9e2280b28022a217e10531fa0217be3b30a8a764f66d5871d1a9a4eb854d3cb82ca02d270224499c96d48ab8e4ca306d90bacece0540de98bc70c40682136fac33c59dbcb90da31eeafe47cd2168c99088119b60f21aaca7f00b2374cc0cee60aa8c1c5da2e84b18e8b2eac8ce015c1b22ab8e55cb006096de369433d1a66bc560d77ca9ccc22abfc75a4b1d9c8eb10573b7c1c58e9fb1d8fdc65d3fe0a82b37d2e424e5f9086031fb5e875b70b99ecc32b0b06a57f37856a5d886d08c046d14cf61718fc7bd29ba6fe194494fb95d12bf08f21aada5fc3bc35cf30b93b7bd9fea9baf2c5e94ceece5e79681aab7871aadbf3ac9c3ecedd3281c5378f60ce5cfbbf416096f71648691df7147cdabf3fb9634c0850b8df03843d75d118865d25a1be7f3a6b381dc8289c8633bf4cbea6fed47496b371a2965777d91b57f60d6b6a7ae4bf8095422bbc5678bf6c47dafc0941303de3e98fa1e7e43c0dbbdfad538bcfcf66327b4c6a5db923bbcc67a027067da73f85dfe4774694074c027aebbc07ce3cfbcf21b1758486ccb5cfa89c0d1358ee660a26c9d9489f13fa7f0330ab6f9c86c80a3f2c1dff577064d9ee4178a9cf0cf86dfe0eb33a46fe354494fb570566787f0472d391f8961103203b9817ed9ea4a0741fefb2ae419617156c7f6e00e21be94222745e3f092ff6390049357e7f0b56eaacf05ae1fdd237d4aa46150305ef67b0fd5e8d862d6f962bd3889a86f45e0a2f495d348a25cf1fa9c155e233e0c8f43e01bfcdef8eab0bf086f032df1ea0b7d4b72198ca0ffa998c774324b24b2285e1172ccbf63150f80f8797f897404cd3681bfcbe7f93f8a6919321a2dcb719a8f4380be82776f715f3462ae125be5a1a61721b54ba787e0e4159f66b808b61ceba67bf0a56daacf05ae1fdb21f39cba7fe2504657baf83849ab11a0e7cb39961444d6e1a28b75b9dd53796a5f68c6689ed2318cf22cbb675c0ef722e71741e90d235ca0ece4c5bb423cb5e61b02d04fad969105515f002ccec19371c52ba03fee60fb52ba2dc807c56cfd8c760f6d2716320b66e781838b2ed457401cd6799b67c489a3fea0598bd78ec10c0f75b69b3c26b85d73a8c236f69d053303dc3eb2a94ac710dc0eef7eb34f45d9aa7702f3698b5748c86f4ded198c3ab302f163cebd5726c3a38dfe602eb2f6b1d7ff0237fe50be32030c3eb4730ff68fa006c7fbb4a43f7e95495bf710a9bd547e125a94ba8de25b2d812fdbb4075e00f631a478e01eb2f6b1d5678adc33a3eb3afb5c42f01420bfc34acb894a760e3eb251a5a8ec529b97fb084d7d3bfdb3d8ac98d418232bcef24340ef702eb2f6b1d5678adc33a3eeb70647a2f81994dcf6a5877ab98adba91cbb013cebc95cfb07434d6485acf2826236b61253ecc916d3b14d518f03760fd65adc30aaf7558c7671d4159b65390d1f3c2006cbc53a640767e2cdfe9f44ce64eef1dab21651135d408059785e4f30d05a9c1e6b53aa52ce02fc0facb5a87155eebb08ecf0c6fa6f7b7a0705588862d6f94b3c5e766b1e2add34d236ba359ea2283940db2a55344a95fbbf517b50e2bbcd6611dbfeac8ef0bfe8a04af6273a482f5778a58c789246c2ea273d74f56b3978e659e95133da31524b58f1c006aa8fd04222bfcad6d8aace33fe6082f0cf00ec9f3d550ba314c41d7a999ac6257b086792b9f51e94bc7b0b4c5dcc7aba57f37be79f8005070bf0f91e5be31d65fd53aacf05a8775fccaf016fb8d91c9dd73164f6439eb9e6352e7a24c905baeceec196d903d78dd4bd729b81f405499ffb3d65fd53aacf05a8775fcaa03cbad9d59b61b105ae4a321a97dc400488f422a35cc662c1865e81aa921b16d047683f4dcf4ce99637b19829b86fd4febaf6a1d5678adc33a7edd1155ee3f0582326d5741764d8ca9a3928020a4491d86b8c6000d61c53e03e0c8b17d02a1f93e93c0fa6b5a87155eebb08edfb4748098a6b14320b4c06705603d1af0bc854243709e8d39b2a88146a22a864783f557b40e2bbcd6f1d01fff1fecb249f4711a82ce0000000049454e44ae426082, 'moderator');

--
-- Indici per le tabelle scaricate
--

--
-- Indici per le tabelle `achievement`
--
ALTER TABLE `achievement`
  ADD PRIMARY KEY (`achievement_id`),
  ADD KEY `gioco_id` (`gioco_id`);

--
-- Indici per le tabelle `achievement_ottenuti`
--
ALTER TABLE `achievement_ottenuti`
  ADD PRIMARY KEY (`achievement_ottenuti_id`),
  ADD KEY `achievement_id` (`achievement_id`),
  ADD KEY `user_id` (`user_id`);

--
-- Indici per le tabelle `game_profile`
--
ALTER TABLE `game_profile`
  ADD PRIMARY KEY (`game_profile_id`),
  ADD KEY `user_id` (`user_id`);

--
-- Indici per le tabelle `gioco`
--
ALTER TABLE `gioco`
  ADD PRIMARY KEY (`gioco_id`);

--
-- Indici per le tabelle `recensione`
--
ALTER TABLE `recensione`
  ADD PRIMARY KEY (`recensione_id`),
  ADD KEY `user_id` (`user_id`),
  ADD KEY `gioco_id` (`gioco_id`);

--
-- Indici per le tabelle `timeline`
--
ALTER TABLE `timeline`
  ADD PRIMARY KEY (`timeline_id`),
  ADD KEY `user_id` (`user_id`),
  ADD KEY `gioco_id` (`gioco_id`);

--
-- Indici per le tabelle `utente`
--
ALTER TABLE `utente`
  ADD PRIMARY KEY (`user_id`);

--
-- AUTO_INCREMENT per le tabelle scaricate
--

--
-- AUTO_INCREMENT per la tabella `achievement`
--
ALTER TABLE `achievement`
  MODIFY `achievement_id` int(11) NOT NULL AUTO_INCREMENT, AUTO_INCREMENT=12;
--
-- AUTO_INCREMENT per la tabella `achievement_ottenuti`
--
ALTER TABLE `achievement_ottenuti`
  MODIFY `achievement_ottenuti_id` int(11) NOT NULL AUTO_INCREMENT;
--
-- AUTO_INCREMENT per la tabella `game_profile`
--
ALTER TABLE `game_profile`
  MODIFY `game_profile_id` int(11) NOT NULL AUTO_INCREMENT, AUTO_INCREMENT=35;
--
-- AUTO_INCREMENT per la tabella `gioco`
--
ALTER TABLE `gioco`
  MODIFY `gioco_id` int(11) NOT NULL AUTO_INCREMENT, AUTO_INCREMENT=7;
--
-- AUTO_INCREMENT per la tabella `recensione`
--
ALTER TABLE `recensione`
  MODIFY `recensione_id` int(11) NOT NULL AUTO_INCREMENT;
--
-- AUTO_INCREMENT per la tabella `timeline`
--
ALTER TABLE `timeline`
  MODIFY `timeline_id` int(11) NOT NULL AUTO_INCREMENT, AUTO_INCREMENT=5;
--
-- AUTO_INCREMENT per la tabella `utente`
--
ALTER TABLE `utente`
  MODIFY `user_id` int(11) NOT NULL AUTO_INCREMENT, AUTO_INCREMENT=5;
--
-- Limiti per le tabelle scaricate
--

--
-- Limiti per la tabella `achievement`
--
ALTER TABLE `achievement`
  ADD CONSTRAINT `achievement_ibfk_1` FOREIGN KEY (`gioco_id`) REFERENCES `gioco` (`gioco_id`);

--
-- Limiti per la tabella `achievement_ottenuti`
--
ALTER TABLE `achievement_ottenuti`
  ADD CONSTRAINT `achievement_ottenuti_ibfk_1` FOREIGN KEY (`user_id`) REFERENCES `utente` (`user_id`),
  ADD CONSTRAINT `achievement_ottenuti_ibfk_2` FOREIGN KEY (`achievement_id`) REFERENCES `achievement` (`achievement_id`);

--
-- Limiti per la tabella `game_profile`
--
ALTER TABLE `game_profile`
  ADD CONSTRAINT `game_profile_ibfk_1` FOREIGN KEY (`user_id`) REFERENCES `utente` (`user_id`);

--
-- Limiti per la tabella `recensione`
--
ALTER TABLE `recensione`
  ADD CONSTRAINT `recensione_ibfk_1` FOREIGN KEY (`user_id`) REFERENCES `utente` (`user_id`),
  ADD CONSTRAINT `recensione_ibfk_2` FOREIGN KEY (`gioco_id`) REFERENCES `gioco` (`gioco_id`);

--
-- Limiti per la tabella `timeline`
--
ALTER TABLE `timeline`
  ADD CONSTRAINT `timeline_ibfk_1` FOREIGN KEY (`gioco_id`) REFERENCES `gioco` (`gioco_id`),
  ADD CONSTRAINT `timeline_ibfk_2` FOREIGN KEY (`user_id`) REFERENCES `utente` (`user_id`);
COMMIT;

/*!40101 SET CHARACTER_SET_CLIENT=@OLD_CHARACTER_SET_CLIENT */;
/*!40101 SET CHARACTER_SET_RESULTS=@OLD_CHARACTER_SET_RESULTS */;
/*!40101 SET COLLATION_CONNECTION=@OLD_COLLATION_CONNECTION */;
